Rank,Name,Platform,Publisher,Developer,Critic_Score,User_Score,Total_Shipped,Year
1,Wii Sports,Wii,Nintendo,Nintendo EAD,7.7,8,82.9,2006
2,Super Mario Bros.,NES,Nintendo,Nintendo EAD,10,8.2,40.24,1985
3,Counter-Strike: Global Offensive,PC,Valve,Valve Corporation,8,7.5,40,2012
4,Mario Kart Wii,Wii,Nintendo,Nintendo EAD,8.2,9.1,37.32,2008
5,PLAYERUNKNOWN'S BATTLEGROUNDS,PC,PUBG Corporation,PUBG Corporation,8.6,4.7,36.6,2017
6,Minecraft,PC,Mojang,Mojang AB,10,7.8,33.15,2010
7,Wii Sports Resort,Wii,Nintendo,Nintendo EAD,8,8.8,33.13,2009
8,Pokemon Red / Green / Blue Version,GB,Nintendo,Game Freak,9.4,8.8,31.38,1998
9,New Super Mario Bros.,DS,Nintendo,Nintendo EAD,9.1,8.1,30.8,2006
10,New Super Mario Bros. Wii,Wii,Nintendo,Nintendo EAD,8.6,9.2,30.3,2009
11,Tetris,GB,Nintendo,Bullet Proof Software,9.4,8.7,30.26,1989
12,Call of Duty: Modern Warfare,PS4,Activision,Infinity Ward,8,3.3,30.13,2019
13,Duck Hunt,NES,Nintendo,Nintendo R&D1,7.5,8.3,28.31,1985
14,Wii Play,Wii,Nintendo,Nintendo EAD,5.9,6.5,28.02,2007
15,Mario Kart 8 Deluxe,NS,Nintendo,Nintendo EPD,9.3,8.7,24.77,2017
16,Kinect Adventures!,X360,Microsoft Game Studios,Good Science Studio,6.7,,24,2010
17,Nintendogs,DS,Nintendo,Nintendo EAD,8.4,8.5,23.96,2005
18,Mario Kart DS,DS,Nintendo,Nintendo EAD,9.1,9.4,23.6,2005
19,Pokemon Gold / Silver Version,GB,Nintendo,Game Freak,9.2,8.8,23.1,2000
20,Wii Fit,Wii,Nintendo,Nintendo EAD,7.9,,22.67,2008
21,Wii Fit Plus,Wii,Nintendo,Nintendo EAD,8,,21.13,2009
22,Super Mario World,SNES,Nintendo,Nintendo EAD,8.5,9.3,20.61,1991
23,Grand Theft Auto V,PS3,Rockstar Games,Rockstar North,9.4,8.3,20.32,2013
24,Grand Theft Auto V,PS4,Rockstar Games,Rockstar North,9.7,8.4,19.39,2014
25,Brain Age: Train Your Brain in Minutes a Day,DS,Nintendo,Nintendo SDD,8.1,,19.01,2006
26,Super Smash Bros. Ultimate,NS,Nintendo,Bandai Namco Games,9.4,9.7,18.84,2018
27,Mario Kart 7,3DS,Nintendo,Nintendo EAD / Retro Studios,8.2,8.3,18.71,2011
28,Super Mario Land,GB,Nintendo,Nintendo R&D1,,,18.14,1989
29,Pokemon Diamond / Pearl Version,DS,Nintendo,Game Freak,8.6,,17.67,2007
30,Super Mario Odyssey,NS,Nintendo,Nintendo EPD,9.9,9,17.41,2017
31,The Legend of Zelda: Breath of the Wild,NS,Nintendo,Nintendo EPD,9.9,10,17.41,2017
32,Pokemon Sword / Shield,NS,Nintendo,Game Freak,8,4.6,17.37,2019
33,Grand Theft Auto: San Andreas,PS2,Rockstar Games,Rockstar North,9.5,9.1,17.3,2004
34,Super Mario Bros. 3,NES,Nintendo,Nintendo R&D2,9.8,9.3,17.28,1990
35,Garry's Mod,PC,Valve,Facepunch Studios,,,16.9,2006
36,Pokemon X/Y,3DS,Nintendo,Game Freak,8.9,9.7,16.45,2013
37,Uncharted 4: A Thief's End,PS4,Sony Interactive Entertainment,Naughty Dog,9.2,8.4,16.25,2016
38,Pokemon Ruby / Sapphire Version,GBA,Nintendo,Game Freak,8.8,8.6,16.22,2003
39,Pokemon Sun/Moon,3DS,Nintendo,Game Freak,9,7.7,16.18,2016
40,Grand Theft Auto: Vice City,PS2,Rockstar Games,Rockstar North,9.6,8.8,16.15,2002
41,Grand Theft Auto V,X360,Rockstar Games,Rockstar North,10,,15.86,2013
42,Pokemon Black / White Version,DS,Nintendo,Game Freak,8.6,9,15.64,2011
43,Call of Duty: Black Ops 3,PS4,Activision,Treyarch,8.1,4.9,15.09,2015
44,Counter-Strike: Source,PC,VU Games,Valve Software,9.3,,15,2004
45,Sonic the Hedgehog,GEN,Sega,Sonic Team,8.6,8.3,15,1991
46,Gran Turismo 3: A-Spec,PS2,Sony Computer Entertainment,Polyphony Digital,9.3,8.9,14.89,2001
47,Brain Age 2: More Training in Minutes a Day,DS,Nintendo,Nintendo SDD,8,,14.88,2007
48,Call of Duty: Modern Warfare 3,X360,Activision,Infinity Ward,8.7,,14.82,2011
49,Call of Duty: Black Ops,X360,Activision,Treyarch,8.8,,14.74,2010
50,Pokemon Yellow: Special Pikachu Edition,GB,Nintendo,Game Freak,8.7,8.8,14.64,1999
51,Halo 3,X360,Microsoft Game Studios,Bungie Studios,9.6,9.5,14.5,2007
52,Pokemon Omega Ruby/Pokemon Alpha Sapphire,3DS,Nintendo,Game Freak,8.3,7.4,14.27,2014
53,Terraria,PC,Unknown,Re-Logic,8.8,8.6,14,2011
54,Red Dead Redemption 2,PS4,Rockstar Games,Rockstar Games,9.8,7.9,13.94,2018
55,Call of Duty: Black Ops II,X360,Activision,Treyarch,9.3,,13.86,2012
56,Call of Duty: Black Ops II,PS3,Activision,Treyarch,9.3,,13.8,2012
57,Call of Duty: Modern Warfare 2,X360,Activision,Infinity Ward,9.5,9,13.53,2009
58,Animal Crossing: New Horizons,NS,Nintendo,Nintendo,9,5.4,13.41,2020
59,Call of Duty: WWII,PS4,Activision,Sledgehammer Games,8,4.3,13.4,2017
60,Call of Duty: Modern Warfare 3,PS3,Activision,Infinity Ward,8.8,,13.35,2011
61,New Super Mario Bros. 2,3DS,Nintendo,Nintendo,7.5,7.3,13.34,2012
62,Super Smash Bros. Brawl,Wii,Nintendo,Project Sora,9.2,9.7,13.32,2008
63,Marvel's Spider-Man,PS4,Sony Interactive Entertainment,Insomniac Games,9.1,8.7,13.2,2018
64,Grand Theft Auto III,PS2,Rockstar Games,DMA Design,9.5,,13.1,2001
65,Portal 2,PC,Valve,Valve Software,9.7,9,13.06,2011
66,Minecraft,X360,Microsoft Studios,Mojang,8.5,,13,2013
67,Super Mario Galaxy,Wii,Nintendo,Nintendo EAD Tokyo,9.7,9.6,12.8,2007
68,Pokemon Heart Gold / Soul Silver Version,DS,Nintendo,Game Freak,8.6,,12.72,2010
69,Super Mario 3D Land,3DS,Nintendo,Nintendo EAD Tokyo,8.9,8.4,12.7,2011
70,Call of Duty: Black Ops,PS3,Activision,Treyarch,8.7,,12.67,2010
71,Grand Theft Auto V,PC,Rockstar Games,Rockstar North,9.6,7.7,12.6,2015
72,Animal Crossing: New Leaf,3DS,Nintendo,Nintendo EAD,8.6,8.8,12.55,2013
73,The Witcher 3: Wild Hunt,PC,Warner Bros. Interactive Entertainment,CD Projekt Red Studio,9.3,9.4,12.4,2015
74,Diablo III,PC,Blizzard Entertainment,Blizzard Entertainment,9,4.1,12,2012
75,Half-Life 2,PC,VU Games,Valve Software,9.7,,12,2004
76,Pokemon FireRed / LeafGreen Version,GBA,Nintendo,Game Freak,8.3,,12,2004
77,World of Warcraft,PC,Blizzard Entertainment,Blizzard Entertainment,9.2,8,12,2004
78,"Pokemon: Let's Go, Pikachu/Eevee",NS,Nintendo,Game Freak,8,6.2,11.97,2018
79,Gran Turismo 5,PS3,Sony Computer Entertainment,Polyphony Digital,8.3,,11.95,2010
80,Super Mario 64,N64,Nintendo,Nintendo EAD,9.7,9,11.91,1996
81,FIFA 18,PS4,EA Sports,EA Vancouver,8.3,3.4,11.8,2017
82,The Last of Us Remastered,PS4,Sony Computer Entertainment,Naughty Dog,9.5,9.1,11.78,2014
83,Gran Turismo 4,PS2,Sony Computer Entertainment,Polyphony Digital,8.7,,11.76,2005
84,Animal Crossing: Wild World,DS,Nintendo,Nintendo EAD,8.5,,11.75,2005
85,Super Mario Land 2: 6 Golden Coins,GB,Nintendo,Nintendo R&D1,9,8.5,11.18,1992
86,Grand Theft Auto IV,X360,Rockstar Games,Rockstar North,10,,11.09,2008
87,Super Mario 64 DS,DS,Nintendo,Nintendo EAD,8.6,,11.06,2004
88,God of War (2018),PS4,Sony Interactive Entertainment,SIE Santa Monica Studio,9.7,10,11,2018
89,StarCraft,PC,Blizzard Entertainment,Blizzard Entertainment,8.7,,11,1998
90,FIFA 17,PS4,Electronic Arts,EA Canada,8.9,4.8,10.94,2016
91,Gran Turismo,PS,Sony Computer Entertainment,Polyphony Digital,9.5,,10.85,1998
92,The Witcher 3: Wild Hunt,PS4,Warner Bros. Interactive Entertainment,CD Projekt Red Studio,9.2,9.2,10.8,2015
93,Call of Duty: Modern Warfare 2,PS3,Activision,Infinity Ward,9.5,,10.61,2009
94,Grand Theft Auto IV,PS3,Rockstar Games,Rockstar North,10,9,10.57,2008
95,Super Mario All-Stars,SNES,Nintendo,Nintendo EAD,9.2,9.5,10.55,1993
96,Call of Duty: Ghosts,X360,Activision,Infinity Ward,6.9,,10.41,2013
97,Just Dance 3,Wii,Ubisoft,Ubisoft Paris,7.5,,10.14,2011
98,Call of Duty: Ghosts,PS3,Activision,Infinity Ward,7.5,,10.13,2013
99,Splatoon 2,NS,Nintendo,Nintendo EPD,8.2,8.5,10.13,2017
100,Super Mario Party,NS,Nintendo,"Nd Cube Co., Ltd.",7.3,7.5,10.1,2018
101,Horizon: Zero Dawn,PS4,Sony Interactive Entertainment,Guerrilla Games,9.1,8,10,2017
102,RollerCoaster Tycoon 3,PC,Atari,Frontier Developments,8.3,,10,2004
103,Halo: Reach,X360,Microsoft Game Studios,Bungie,9.3,,9.97,2010
104,Portal,PC,Valve Corporation,Valve Software,9,,9.97,2008
105,Halo 4,X360,Microsoft Studios,343 Industries,9.8,,9.96,2012
106,Final Fantasy VII,PS,Sony Computer Entertainment,SquareSoft,9.6,9.5,9.9,1997
107,Mario Kart 64,N64,Nintendo,Nintendo EAD,8.5,,9.87,1997
108,Super Smash Bros. for 3DS,3DS,Nintendo,Bandai Namco Games,8.4,,9.59,2014
109,Call of Duty 4: Modern Warfare,X360,Activision,Infinity Ward,9.6,9,9.41,2007
110,Gran Turismo 2,PS,Sony Computer Entertainment,Polyphony Digital,9.2,,9.37,1999
111,Wii Party,Wii,Nintendo,"Nd Cube Co., Ltd.",7,,9.34,2010
112,Call of Duty: Black Ops IIII,PS4,Activision,Treyarch,8.3,4,9.32,2018
113,Mario Party DS,DS,Nintendo,Hudson Soft,7.1,,9.31,2007
114,Donkey Kong Country,SNES,Nintendo,Rare Ltd.,9,8.8,9.3,1994
115,Half-Life,PC,Sierra Entertainment,Valve Software,9.5,,9.3,1998
116,Uncharted 3: Drake's Deception,PS3,Sony Computer Entertainment,Naughty Dog,9.3,6.3,9.3,2011
117,FIFA 19,PS4,Electronic Arts,EA Sports,8.3,1.7,9.15,2018
118,Rust,PC,Facepunch Studios,Facepunch Studios,6.1,6.2,9.02,2018
119,The Elder Scrolls V: Skyrim,X360,Bethesda Softworks,Bethesda Game Studios,9.3,,8.88,2011
120,Mario Party 8,Wii,Nintendo,Hudson Soft,6.5,,8.85,2007
121,Pokemon: Ultra Sun and Ultra Moon,3DS,Nintendo,Game Freak,8.1,,8.77,2017
122,Super Mario Kart,SNES,Nintendo,Nintendo EAD,10,,8.76,1992
123,Grand Theft Auto V,XOne,Rockstar Games,Rockstar North,9,9,8.72,2014
124,Final Fantasy VIII,PS,Square EA,SquareSoft,9.4,,8.6,1999
125,Final Fantasy X,PS2,Square,SquareSoft,9,10,8.6,2001
126,Pokemon Black 2 and White 2,DS,Nintendo,Game Freak,8,8.3,8.52,2012
127,Call of Duty: Infinite Warfare,PS4,Activision,Infinity Ward,7.7,3.8,8.48,2016
128,Fallout 4,PS4,Bethesda Softworks,Bethesda Game Studios,8.6,6.6,8.48,2015
129,Mario Kart 8,WiiU,Nintendo,Nintendo,8.8,8.9,8.45,2014
130,Tekken 3,PS,Namco,Namco,9.6,,8.3,1998
131,FIFA 16,PS4,EA Sports,EA Canada,8.5,4.4,8.22,2015
132,The Last of Us,PS3,Sony Computer Entertainment America,Naughty Dog,9.5,,8.15,2013
133,GoldenEye 007,N64,Nintendo,Rare Ltd.,9.8,,8.09,1997
134,Star Wars Battlefront (2015),PS4,Electronic Arts,EA DICE,7.1,,8.03,2015
135,FIFA 13,PS3,EA Sports,EA Canada,,,8.01,2012
136,NBA 2K20,PS4,2K Sports,Visual Concepts,7.8,1.2,8,2019
137,Halo 2,XB,Microsoft Game Studios,Bungie Studios,9.6,,8,2004
138,The Sims 3,PC,Electronic Arts,EA Redwood Shores,8.5,,7.96,2009
139,Grand Theft Auto: Liberty City Stories,PSP,Rockstar Games,Rockstar Leeds,8.8,,7.72,2005
140,Pac-Man,2600,Atari,Atari,9,7.4,7.7,1982
141,God of War III,PS3,Sony Computer Entertainment,SCEA Santa Monica Studio,9.2,9.4,7.6,2010
142,Pokemon Platinum Version,DS,Nintendo,Game Freak,8.3,8.9,7.6,2009
143,The Legend of Zelda: Ocarina of Time,N64,Nintendo,Nintendo EAD,9.9,10,7.6,1998
144,Crash Bandicoot 2: Cortex Strikes Back,PS,Sony Computer Entertainment,Naughty Dog,8.6,,7.58,1997
145,Call of Duty: Advanced Warfare,PS4,Activision,Sledgehammer Games,8.5,5.7,7.53,2014
146,Call of Duty: World at War,X360,Activision,Treyarch,8.5,7.8,7.5,2008
147,Super Mario Bros. 2,NES,Nintendo,Nintendo EAD,8.5,8.1,7.46,1988
148,Super Mario Galaxy 2,Wii,Nintendo,Nintendo EAD Tokyo,9.7,9.8,7.41,2010
149,Super Smash Bros. Melee,GC,Nintendo,HAL Laboratory,9.2,,7.41,2001
150,Call of Duty: Black Ops 3,XOne,Activision,Treyarch,,,7.37,2015
151,Battlefield 3,X360,Electronic Arts,Dice,8.5,,7.35,2011
152,Yokai Watch 2: Bony Spirits / Fleshy Souls / Psychic Specters,3DS,Nintendo,Level 5,,,7.29,2016
153,The Legend of Zelda: Twilight Princess,Wii,Nintendo,Nintendo EAD,9.5,9.6,7.26,2006
154,Battlefield 1,PS4,Electronic Arts,EA DICE,9.1,7.9,7.26,2016
155,Battlefield 3,PS3,Electronic Arts,Dice,8.5,,7.21,2011
156,Need for Speed Underground,PS2,Electronic Arts,EA Black Box,8.6,,7.2,2003
157,The Binding of Isaac,PC,Edmund McMillen,Edmund McMillen,8.3,8.4,7.17,2011
158,FIFA 20,PS4,Electronic Arts,EA Sports,7.9,1.1,7.15,2019
159,Crash Bandicoot 3: Warped,PS,Sony Computer Entertainment,Naughty Dog,9.3,,7.13,1998
160,Pokemon Emerald Version,GBA,Nintendo,Game Freak,7.7,,7.06,2005
161,Guild Wars 2,PC,NCSoft,ArenaNet,9,8.1,7,2012
162,Need for Speed Underground 2,PS2,Electronic Arts,EA Black Box,8.3,,6.9,2004
163,Just Dance 4,Wii,Ubisoft,Ubisoft,,,6.89,2012
164,Mario Kart: Double Dash!!,GC,Nintendo,Nintendo EAD,8.5,,6.88,2003
165,Medal of Honor: Frontline,PS2,Electronic Arts,EA Los Angeles,9,,6.83,2002
166,Crash Bandicoot,PS,Sony Computer Entertainment,Naughty Dog,7.8,,6.82,1996
167,Uncharted 2: Among Thieves,PS3,Sony Computer Entertainment,Naughty Dog,9.5,9.6,6.74,2009
168,Call of Duty 4: Modern Warfare,PS3,Activision,Infinity Ward,9.5,9.6,6.72,2007
169,FIFA Soccer 12,PS3,EA Sports,EA Canada,9.2,,6.65,2011
170,FIFA 14,PS3,EA Sports,EA Canada,9,,6.61,2013
171,Fallout 4,PC,Bethesda Softworks,Bethesda Game Studios,9,5.5,6.6,2015
172,New Super Mario Bros. U Deluxe,NS,Nintendo,Nintendo EPD,8,6.6,6.6,2019
173,Tomodachi Life,3DS,Nintendo,Nintendo,7.8,7.6,6.59,2014
174,Red Dead Redemption,PS3,Rockstar Games,Rockstar San Diego,9.5,,6.57,2011
175,Donkey Kong Country Returns,Wii,Nintendo,Retro Studios,8.6,,6.53,2010
176,The Legend of Zelda,NES,Nintendo,Nintendo EAD,8.4,8.8,6.51,1987
177,Assassin's Creed III,PS3,Ubisoft,Ubisoft Montreal,8.8,,6.5,2012
178,Guild Wars,PC,NCSoft,ArenaNet,8.7,,6.5,2005
179,Red Dead Redemption,X360,Rockstar Games,Rockstar San Diego,9.5,10,6.5,2010
180,The Elder Scrolls V: Skyrim,PS3,Bethesda Softworks,Bethesda Game Studios,9,,6.49,2011
181,Final Fantasy XII,PS2,Square Enix,Square Enix,9.4,9.5,6.4,2006
182,Pokemon Crystal Version,GBC,Nintendo,Game Freak,8.7,,6.39,2001
183,Halo 3: ODST,X360,Microsoft Game Studios,Bungie,8.7,,6.35,2009
184,Minecraft,PS4,Sony Computer Entertainment,Mojang,9.4,,6.33,2014
185,Luigi's Mansion 3,NS,Nintendo,"Next Level Games, Inc.",8.6,8.5,6.33,2019
186,FIFA 15,PS4,EA Sports,EA Canada,8.1,5.7,6.32,2014
187,Kingdom Hearts,PS2,Square EA,SquareSoft,8.5,,6.3,2002
188,Myst,PC,Broderbund,Cyan Worlds,8.9,8,6.3,1995
189,Street Fighter II: The World Warrior,SNES,Capcom,Capcom,,,6.3,1992
190,Driver,PS,GT Interactive,Reflections Interactive,8.5,,6.27,1999
191,Call of Duty: WWII,XOne,Activision,Sledgehammer Games,8,4,6.23,2017
192,Luigi's Mansion: Dark Moon,3DS,Nintendo,Next Level Games,8.6,8.5,6.16,2013
193,Big Brain Academy,DS,Nintendo,Nintendo EAD,7.7,,6.15,2006
194,Minecraft,PS3,Sony Computer Entertainment America,Mojang,9.5,,6.05,2014
195,Metal Gear Solid 2: Sons of Liberty,PS2,Konami,Konami Computer Entertainment Japan,9.5,7,6.05,2001
196,The Legend of Zelda: Ocarina of Time 3D,3DS,Nintendo,GREZZO,9.3,9,6.02,2011
197,Cities: Skylines,PC,Paradox Interactive,Colossal Order,8.5,8.9,6,2015
198,Metal Gear Solid,PS,Konami,Konami Computer Entertainment Japan,9.3,,6,1998
199,Sonic the Hedgehog 2,GEN,Sega,Sonic Team,,,6,1992
200,Metal Gear Solid 4: Guns of the Patriots,PS3,Konami,Kojima Productions,9.3,9.8,6,2008
201,Euro Truck Simulator 2,PC,SCS Software,SCS Software,8.5,8.7,5.98,2013
202,Mario Kart: Super Circuit,GBA,Nintendo,Intelligent Systems,9.3,,5.91,2001
203,Super Mario Sunshine,GC,Nintendo,Nintendo EAD,9.2,,5.91,2002
204,Super Mario 3D World,WiiU,Nintendo,Nintendo EAD Tokyo,9.5,8.9,5.84,2013
205,Age of Empires II: HD Edition,PC,Microsoft Studios,Hidden Path Entertainment,6.8,7.9,5.82,2013
206,New Super Mario Bros. U,WiiU,Nintendo,Nintendo EAD,8.4,8,5.8,2012
207,Link's Crossbow Training,Wii,Nintendo,Nintendo EAD,6.9,,5.79,2007
208,Red Dead Redemption 2,XOne,Rockstar Games,Rockstar Games,9.7,7.4,5.77,2018
209,Destiny,PS4,Activision,Bungie,7.6,6.1,5.76,2014
210,Tekken 2,PS,Namco,Namco,9.1,,5.74,1996
211,Uncharted: The Nathan Drake Collection,PS4,Sony Computer Entertainment,Bluepoint Games,8.6,8.5,5.7,2015
212,Super Mario World: Super Mario Advance 2,GBA,Nintendo,Nintendo EAD,9.4,,5.69,2002
213,LEGO Star Wars: The Complete Saga,Wii,LucasArts,Traveller's Tales,8,,5.66,2007
214,Cooking Mama,DS,Majesco,Office Create,6.6,,5.66,2006
215,Tetris,NES,Nintendo,Nintendo,,,5.58,1989
216,Super Mario Advance,GBA,Nintendo,Nintendo EAD,8.2,,5.57,2001
217,Assassin's Creed II,PS3,Ubisoft,Ubisoft Montreal,9,,5.57,2009
218,Super Smash Bros.,N64,Nintendo,HAL Laboratory,8.4,,5.55,1999
219,Assassin's Creed,X360,Ubisoft,Ubisoft Montreal,8.2,8,5.55,2007
220,Batman: Arkham City,PS3,Warner Bros. Interactive,Rocksteady Studios,9.6,,5.54,2011
221,Forza Motorsport 3,X360,Microsoft Game Studios,Turn 10 Studios,9.2,9.8,5.5,2009
222,Dragon Quest IX: Sentinels of the Starry Skies,DS,Nintendo,Level 5,8.6,,5.5,2010
223,Final Fantasy IX,PS,Square,SquareSoft,9.2,,5.5,2000
224,Final Fantasy X-2,PS2,Square Enix,Square Enix,8.3,,5.5,2003
225,Sid Meier's Civilization VI,PC,2K Games,Firaxis Games,8.8,7,5.5,2016
226,Tomb Raider (2013),PC,Square Enix,Crystal Dynamics,8.8,,5.5,2013
227,Super Mario Maker 2,NS,Nintendo,Nintendo,8.8,8.5,5.48,2019
228,Pokemon Stadium,N64,Nintendo,HAL Laboratory,7.5,,5.46,2000
229,Minecraft,XOne,Microsoft Studios,Mojang,,,5.43,2014
230,Call of Duty: World at War,PS3,Activision,Treyarch,8.4,,5.43,2008
231,Super Mario Advance 4: Super Mario Bros. 3,GBA,Nintendo,Nintendo EAD,9.2,,5.43,2003
232,Crash Bandicoot: The Wrath of Cortex,PS2,Universal Interactive,Traveller's Tales,6.9,,5.42,2001
233,Super Smash Bros. for Wii U,WiiU,Nintendo,Bandai Namco Games,9.2,8.9,5.37,2014
234,Final Fantasy XIII,PS3,Square Enix,Square Enix,8,9.2,5.35,2010
235,Gran Turismo 5 Prologue,PS3,Sony Computer Entertainment,Polyphony Digital,8.3,,5.35,2008
236,Dr. Mario,GB,Nintendo,Nintendo R&D1,,,5.34,1990
237,Assassin's Creed III,X360,Ubisoft,Ubisoft Montreal,8.5,,5.31,2012
238,Pokemon Pinball,GBC,Nintendo,Jupiter Corporation,8.7,,5.31,1999
239,Assassin's Creed II,X360,Ubisoft,Ubisoft Montreal,9.1,,5.3,2009
240,The Forest,PC,Endnight Games Ltd,Unknown,8.3,7.3,5.3,2014
241,Donkey Kong 64,N64,Nintendo,Rare Ltd.,9.3,,5.27,1999
242,Just Dance 2,Wii,Ubisoft,Ubisoft Paris,7.3,,5.25,2010
243,Tomb Raider II,PS,Eidos Interactive,Core Design Ltd.,7.6,,5.24,1997
244,Madden NFL 2004,PS2,EA Sports,EA Tiburon,9.5,,5.23,2003
245,Call of Duty: Advanced Warfare,XOne,Activision,Sledgehammer Games,8.3,5.5,5.22,2014
246,Fallout: New Vegas,PC,Bethesda Softworks,Obsidian Entertainment,8.3,,5.22,2010
247,Gran Turismo 6,PS3,Sony Computer Entertainment America,Polyphony Digital,,,5.22,2013
248,Kingdom Hearts II,PS2,Square Enix,Square Enix,8.3,,5.2,2006
249,Nintendo Land,WiiU,Nintendo,Nintendo,7.8,7.9,5.2,2012
250,Super Mario Land 3: Wario Land,GB,Nintendo,Nintendo R&D1,7.9,,5.19,1994
251,Donkey Kong Country 2: Diddy's Kong Quest,SNES,Nintendo,Rare Ltd.,9.3,,5.15,1995
252,Medal of Honor: Rising Sun,PS2,Electronic Arts,EA Los Angeles,5.9,,5.13,2003
253,Battlefield 1,XOne,Electronic Arts,EA DICE,9.3,7.6,5.13,2016
254,Kirby's Dream Land,GB,Nintendo,HAL Laboratory,,,5.13,1992
255,Microsoft Flight Simulator,PC,Microsoft,Microsoft,7,,5.12,1996
256,Guitar Hero II,PS2,RedOctane,Harmonix Music Systems,9.2,,5.12,2006
257,FIFA 13,X360,EA Sports,EA Canada,,,5.11,2012
258,Resident Evil 5,PS3,Capcom,Capcom,8.6,8.8,5.1,2009
259,Fable III,X360,Microsoft Game Studios,Lionhead Studios,7.8,,5.1,2010
260,Mario & Sonic at the Olympic Games,DS,Sega,Sega,7,,5.1,2008
261,Grand Theft Auto: Vice City Stories,PSP,Rockstar Games,Rockstar Leeds,8.4,,5.08,2006
262,FIFA Soccer 11,PS3,EA Sports,EA Canada,8.7,,5.08,2010
263,Super Mario Bros. Deluxe,GB,Nintendo,Nintendo EAD,9.7,,5.07,1999
264,Final Fantasy XV,PS4,Square Enix,Square Enix,8.1,9.5,5.07,2016
265,Fallout 4,XOne,Bethesda Softworks,Bethesda Game Studios,8.4,6.4,5.03,2015
266,Tony Hawk's Pro Skater,PS,Activision,Neversoft Entertainment,9.6,,5.02,1999
267,Warzone 2100,PS,Eidos Interactive,Pumpkin Studios,7.5,,5.01,1999
268,Spyro the Dragon,PS,Sony Computer Entertainment,Insomniac Games,8.7,,5,1998
269,Gears of War,X360,Microsoft Game Studios,Epic Games,9.4,9.4,5,2006
270,Gears of War 2,X360,Microsoft Game Studios,Epic Games,9.4,9.5,5,2008
271,Halo 5: Guardians,XOne,Microsoft Studios,343 Industries,8.6,6.4,5,2015
272,Halo: Combat Evolved,XB,Microsoft,Bungie Studios,9.5,,5,2001
273,Guitar Hero III: Legends of Rock,PS2,RedOctane,BudCat Creations,8.2,,4.98,2007
274,Uncharted: Drake's Fortune,PS3,Sony Computer Entertainment,Naughty Dog,8.7,8.6,4.97,2007
275,Resident Evil 2,PS,Capcom,Capcom,9.3,,4.96,1998
276,Fallout 3,X360,Bethesda Softworks,Bethesda Game Studios,9,8.6,4.96,2008
277,Splatoon,WiiU,Nintendo,Nintendo EAD,8.4,8.7,4.95,2015
278,Madden NFL 06,PS2,EA Sports,EA Tiburon,9.1,,4.91,2005
279,Stardew Valley,PC,Chucklefish,ConcernedApe,9.2,8.7,4.91,2016
280,Dragon Quest VIII: Journey of the Cursed King,PS2,Square Enix,Level 5 / Armor Project,8.6,,4.9,2005
281,Monster Hunter Freedom 3,PSP,Capcom,Capcom,,,4.9,2010
282,Diddy Kong Racing,N64,Nintendo,Rare Ltd.,8.3,,4.88,1997
283,Pokemon Mystery Dungeon: Explorers of Time / Darkness,DS,Nintendo,ChunSoft,6.4,,4.88,2008
284,Call of Duty: Black Ops IIII,XOne,Activision,Treyarch,,,4.85,2018
285,Dr. Mario,NES,Nintendo,Nintendo R&D1,,,4.85,1990
286,Crash Bandicoot N. Sane Trilogy,PS4,Activision,Vicarious Visions,8,8.5,4.83,2017
287,Assassin's Creed,PS3,Ubisoft,Ubisoft Montreal,8.2,8.5,4.83,2007
288,Call of Duty: Infinite Warfare,XOne,Activision,Infinity Ward,7.8,3.6,4.79,2016
289,Crash Team Racing,PS,Sony Computer Entertainment,Naughty Dog,9.2,,4.79,1999
290,LEGO Star Wars: The Complete Saga,DS,LucasArts,Traveller's Tales,7.8,,4.77,2007
291,The Legend of Zelda: Phantom Hourglass,DS,Nintendo,Nintendo EAD,9.1,,4.76,2007
292,Batman: Arkham City,X360,Warner Bros. Interactive,Rocksteady Studios,9.5,,4.75,2011
293,Driver 2,PS,Atari,Reflections Interactive,7,,4.73,2000
294,The Simpsons: Hit & Run,PS2,VU Games,Radical Entertainment,7.7,,4.7,2003
295,World of Warcraft: Cataclysm,PC,Blizzard Entertainment,Blizzard Entertainment,9,,4.7,2010
296,Tony Hawk's Pro Skater 2,PS,Activision,Neversoft Entertainment,9.3,,4.68,2000
297,Gran Turismo,PSP,Sony Computer Entertainment,Polyphony Digital,7.7,9.5,4.67,2009
298,The Lord of the Rings: The Two Towers,PS2,Electronic Arts,Stormfront Studios,8.3,,4.67,2002
299,Tomb Raider,PS,Eidos Interactive,Core Design Ltd.,8.9,,4.63,1996
300,God of War,PS2,Sony Computer Entertainment,SCEA Santa Monica Studio,9.3,,4.62,2005
301,The Legend of Zelda: A Link to the Past,SNES,Nintendo,Nintendo EAD,10,,4.61,1992
302,Left 4 Dead,PC,Valve Corporation,Valve Software,8.6,8.5,4.6,2008
303,Forza Motorsport 4,X360,Microsoft Studios,Turn 10 Studio,9.1,,4.6,2011
304,Guitar Hero III: Legends of Rock,Wii,RedOctane,Vicarious Visions,8.6,,4.6,2007
305,Nintendogs + cats,3DS,Nintendo,Nintendo EAD,7.2,,4.59,2011
306,"Pokemon: Let's Go, Pikachu!",NS,Nintendo,Game Freak,8.3,6.1,4.57,2018
307,BioShock Infinite,PC,2K Games,Irrational Games,9.5,8.6,4.56,2013
308,Mario & Luigi: Bowser's Inside Story,DS,Nintendo,AlphaDream Corporation,9.1,,4.56,2009
309,FIFA 15,PS3,EA Sports,EA Canada,6.9,,4.56,2014
310,Mario & Sonic at the Olympic Winter Games,Wii,Sega,Sega,6.8,,4.54,2009
311,Overwatch,PS4,Blizzard Entertainment,Blizzard Entertainment,8.8,6.4,4.54,2016
312,Madden NFL 2005,PS2,EA Sports,EA Tiburon,9.5,,4.53,2004
313,Guitar Hero III: Legends of Rock,X360,RedOctane,Neversoft,8.7,,4.53,2007
314,Star Wars Battlefront II (2017),PS4,Electronic Arts,EA DICE,,,4.53,2017
315,Dead Island,PC,Deep Silver,Techland,7.1,6.9,4.52,2011
316,Arma 2: Operation Arrowhead,PC,Meridian4,Bohemia Interactive,,,4.51,2010
317,ARK: Survival Evolved,PC,Studio Wildcard,Studio Wildcard,7,5.2,4.5,2015
318,LittleBigPlanet,PS3,Sony Computer Entertainment,Media Molecule,9.4,9.2,4.5,2008
319,Riven: The Sequel to Myst,PC,Red Orb,Cyan Worlds,,,4.5,1997
320,StarCraft II: Wings of Liberty,PC,Blizzard Entertainment,Blizzard Entertainment,9.3,,4.5,2010
321,Warcraft III: Reign of Chaos,PC,Blizzard Entertainment,Blizzard Entertainment,9.3,,4.5,2002
322,Pitfall!,2600,Activision,Activision,,,4.5,1982
323,Professor Layton and the Curious Village,DS,Nintendo,Level 5,8.7,,4.49,2008
324,Madden NFL 07,PS2,EA Sports,EA Tiburon,8.5,,4.49,2006
325,Spider-Man: The Movie,PS2,Activision,Treyarch,8.2,,4.48,2002
326,The Elder Scrolls IV: Oblivion,X360,Take-Two Interactive,Bethesda Softworks,9.2,,4.47,2009
327,The Legend of Zelda: The Wind Waker,GC,Nintendo,Nintendo EAD,9.6,,4.43,2003
328,Tony Hawk's Pro Skater 3,PS2,Activision,Neversoft Entertainment,9.1,,4.41,2001
329,Winning Eleven: Pro Evolution Soccer 2007,PS2,Konami,Konami Computer Entertainment Tokyo,8.8,,4.39,2007
330,The Legend of Zelda: Link's Awakening,NS,Nintendo,Nintendo,8.7,8.4,4.38,2019
331,Zelda II: The Adventure of Link,NES,Nintendo,Nintendo EAD,,,4.38,1988
332,Michael Jackson: The Experience,Wii,Ubisoft,Ubisoft Montpellier,5.6,,4.37,2010
333,Tom Clancy's The Division,PS4,Ubisoft,Massive Entertainment,8,7,4.37,2016
334,Need for Speed: Most Wanted,PS2,Electronic Arts,EA Canada,8.6,,4.37,2005
335,Resistance: Fall of Man,PS3,Sony Computer Entertainment,Insomniac Games,8.5,9.1,4.37,2006
336,Tom Clancy's Rainbow Six: Siege,PS4,Ubisoft,Ubisoft Montreal,,,4.36,2015
337,Call of Duty: Advanced Warfare,X360,Activision,High Moon Studios,9.1,,4.34,2014
338,Watch Dogs,PS4,Ubisoft,Ubisoft Montreal,8,6.4,4.32,2014
339,Animal Crossing: City Folk,Wii,Nintendo,Nintendo EAD,7.1,8.8,4.32,2008
340,Starbound,PC,"Infocom, Inc.",Unknown,8.1,7.1,4.31,2014
341,Asteroids,2600,Atari,Atari,7.6,7.8,4.31,1981
342,Dragon Quest VII,PS,Enix,Heart Beat,8,3,4.3,2001
343,Monster Hunter Generations,3DS,Capcom,Capcom,8.8,8,4.3,2016
344,The Witcher 3: Wild Hunt,XOne,Warner Bros. Interactive Entertainment,CD Projekt Red Studio,9.1,9.2,4.3,2015
345,Batman: Arkham Asylum,PS3,Eidos Interactive,Rocksteady Studios,9,,4.28,2009
346,Call of Duty: Advanced Warfare,PS3,Activision,High Moon Studios,9.1,,4.27,2014
347,God of War II,PS2,Sony Computer Entertainment,SCEA Santa Monica Studio,9.3,9.8,4.24,2007
348,Namco Museum,GBA,Namco,Mass Media,8.5,,4.24,2001
349,Daxter,PSP,Sony Computer Entertainment,Ready at Dawn,8.6,,4.23,2006
350,Super Paper Mario,Wii,Nintendo,Intelligent Systems,8.5,,4.23,2007
351,Assassin's Creed: Revelations,PS3,Ubisoft,Ubisoft Montreal,8.8,,4.23,2011
352,Metal Gear Solid 3: Snake Eater,PS2,Konami,KCEJ / Kojima Productions,9,,4.23,2004
353,Assassin's Creed: Revelations,X360,Ubisoft,Ubisoft Montreal,7.9,,4.22,2011
354,FIFA Soccer 06,PS2,EA Sports,EA Canada,8.4,,4.21,2005
355,Counter-Strike,PC,Sierra Studios,Unknown,8.9,,4.2,2000
356,Monster Hunter 4 Ultimate,3DS,Capcom,Capcom,8.8,8.6,4.2,2015
343,Mortal Kombat 11,PS4,NetherRealm Studios,Warner Bros. Interactive Entertainment,8.2,3.6,4.2,2019
357,Street Fighter IV,PS3,Capcom,Capcom / Dimps Corporation,9.3,9,4.19,2009
358,7 Days to Die,PC,The Fun Pimps,The Fun Pimps,,,4.18,2013
359,FIFA Soccer 12,X360,EA Sports,EA Canada,9.2,,4.18,2011
360,Call of Duty: Ghosts,PS4,Activision,Infinity Ward,7.5,3.8,4.17,2013
361,Teenage Mutant Ninja Turtles,NES,Ultra Games,Konami,5.9,,4.17,1989
362,Just Cause 2,PC,Eidos Interactive,Avalanche Studios,8.2,,4.16,2010
363,Excitebike,NES,Nintendo,Nintendo R&D1,8.4,,4.16,1985
364,Frogger,PS,Hasbro Interactive,Millenium Interactive,2,,4.16,1997
365,Star Wars Battlefront (2015),XOne,Electronic Arts,EA DICE,6.9,,4.15,2015
366,FIFA 14,X360,EA Sports,EA Canada,9.1,,4.15,2013
367,Madden NFL 2003,PS2,EA Sports,EA Tiburon,9.4,,4.14,2002
368,Assassin's Creed: Unity,PS4,Ubisoft,Ubisoft Montreal,,,4.14,2014
369,Destiny 2,PS4,Activision,Bungie,8.5,4.9,4.14,2017
370,Super Mario World 2: Yoshi's Island,SNES,Nintendo,Nintendo EAD,9,,4.12,1995
371,Batman: Arkham Knight,PS4,Warner Bros. Interactive,Rocksteady Studios,8.1,7.8,4.11,2015
372,FIFA 07 Soccer,PS2,EA Sports,Team Fusion,8.4,,4.11,2006
373,The Sims 4,PC,Electronic Arts,Maxis,7,4,4.1,2014
374,Monster Hunter 4,3DS,Capcom,Capcom,,,4.1,2013
375,Street Fighter II Turbo,SNES,Capcom,Capcom,9,,4.1,1993
376,Fallout: New Vegas,X360,Bethesda Softworks,Obsidian Entertainment,8.2,,4.08,2010
377,The Legend of Zelda: A Link Between Worlds,3DS,Nintendo,Nintendo EAD,9.3,9,4.07,2013
378,Assassin's Creed Origins,PS4,Ubisoft,Ubisoft Montreal,8.1,7.2,4.06,2017
379,Far Cry 4,PS4,Ubisoft,Ubisoft Montreal,8.4,7.7,4.06,2014
380,Carnival Games,Wii,Global Star Software,Cat Daddy Games,4.2,,4.06,2007
381,World Soccer Winning Eleven 9,PS2,Konami,Konami Computer Entertainment Tokyo,8.9,,4.06,2006
382,Forza Motorsport 2,X360,Microsoft Game Studios,Turn 10 Studios,9.1,,4.05,2007
383,Namco Museum Vol.3,PS,Namco,Namco,,,4.05,1997
384,Tekken Tag Tournament,PS2,Namco,Namco,8.7,,4.05,2000
385,Golf,NES,Nintendo,Nintendo,,,4.01,1985
386,Super Mario Maker,WiiU,Nintendo,Nintendo EAD,8.8,8.7,4.01,2015
387,Arma III,PC,Bohemia Interactive,Bohemia Interactive,,,4,2013
388,Diablo II,PC,Blizzard Entertainment,Blizzard North,8.8,,4,2000
389,Disney's Aladdin,GEN,Sega,Virgin Interactive,,,4,1993
390,EyeToy Play,PS2,Sony Computer Entertainment,SCEE London Studio,7.5,,4,2003
391,Just Dance,Wii,Ubisoft,Ubisoft Paris,5.4,,4,2009
392,Monster Hunter: World,PS4,Capcom,Capcom,9.3,9,4,2018
393,Star Fox 64,N64,Nintendo,Nintendo EAD,9,,4,1997
394,The Last of Us: Part II,PS4,Sony Interactive Entertainment,Naughty Dog,9.4,5.6,4,2020
395,World of Warcraft: Wrath of the Lich King,PC,Blizzard Entertainment,Blizzard Entertainment,9.3,9.3,4,2008
396,Fallout 3,PS3,Bethesda Softworks,Bethesda Game Studios,8.8,,4,2008
397,The Legend of Zelda: Oracle of Ages / Seasons,GBC,Nintendo,Capcom,,,3.99,2001
398,The Elder Scrolls V: Skyrim,PC,Bethesda Softworks,Bethesda Game Studios,9.2,8.2,3.99,2011
399,Namco Museum: 50th Anniversary,PS2,Namco,Digital Eclipse,5,,3.98,2005
400,NBA 2K16,PS4,2K Sports,Visual Concepts,8.7,6.7,3.98,2015
401,Left 4 Dead 2,X360,Electronic Arts,Certain Affinity / Valve Software,9,,3.97,2009
402,Far Cry 5,PS4,Ubisoft,Ubisoft,7.9,6.8,3.95,2018
403,Battlefield 4,PS4,Electronic Arts,EA DICE,8.3,7,3.94,2013
404,Assassin's Creed IV: Black Flag,PS3,Ubisoft,Ubisoft Montreal,8.7,,3.94,2013
405,EA Sports Active,Wii,EA Sports,EA Vancouver,8.3,,3.93,2009
406,Half-Life 2: Episode One,PC,Electronic Arts,Valve Software,8.7,,3.92,2006
407,Donkey Kong Land,GB,Nintendo,Rare Ltd.,,,3.91,1995
408,English Training: Have Fun Improving Your Skills!,DS,Nintendo,Plato,,,3.91,2006
409,Dragon Quest III,NES,Enix,ChunSoft,,8,3.9,1992
410,Tony Hawk's Underground,PS2,Activision,Neversoft Entertainment,8.7,,3.9,2003
411,Just Dance 2014,Wii,Ubisoft,Ubisoft Paris,7.4,,3.89,2013
412,Professor Layton and the Diabolical Box,DS,Nintendo,Level 5,8.5,,3.88,2009
413,Sports Champions,PS3,Sony Computer Entertainment,SCE San Diego Studio,7.6,,3.88,2010
414,World Soccer Winning Eleven 8 International,PS2,Konami,Konami Computer Entertainment Tokyo,9.3,,3.85,2005
415,Namco Museum Vol.1,PS,Namco,Namco,,,3.84,1996
416,The Legend of Zelda: Link's Awakening,GB,Nintendo,Nintendo EAD,,,3.83,1993
417,Resident Evil VII: Biohazard,PS4,Capcom,Capcom,8.6,,3.83,2017
418,Monster Hunter Freedom Unite,PSP,Capcom,Capcom Production Studio 1,7.7,9.7,3.8,2009
423,Madden NFL 20,PS4,EA Sports,EA Tiburon,7.6,1.5,3.78,2019
419,Gran Turismo Sport,PS4,Sony Interactive Entertainment,Polyphony Digital,7.5,6,3.77,2017
420,LEGO Indiana Jones: The Original Adventures,X360,LucasArts,Traveller's Tales,7.5,,3.76,2008
421,The Sims: Unleashed,PC,Electronic Arts,Maxis,7.3,,3.76,2002
422,Tomodachi Collection,DS,Nintendo,Nintendo SPD Group No.1,,,3.76,2009
423,Ratchet & Clank: Size Matters,PSP,Sony Computer Entertainment,High Impact Games,8.5,,3.75,2007
424,Harry Potter and the Sorcerer's Stone,PS,Electronic Arts,Argonaut Games,8,,3.73,2001
425,Pokemon Trading Card Game,GB,Nintendo,Hudson Soft,8.3,,3.72,2000
426,FIFA 17,XOne,Electronic Arts,EA Canada,8.8,5.1,3.71,2016
427,Spyro: Year of the Dragon,PS,Sony Computer Entertainment,Insomniac Games,9.1,,3.71,2000
428,FIFA Soccer 2005,PS2,EA Sports,EA Canada,8.4,,3.7,2004
429,Diablo III: Reaper of Souls,PC,Blizzard Entertainment,Blizzard Entertainment,8.7,6.6,3.7,2014
430,The Legend of Zelda: Skyward Sword,Wii,Nintendo,Nintendo EAD,9.4,,3.67,2011
431,Tony Hawk's Pro Skater 4,PS2,Activision,Neversoft Entertainment,9.6,,3.67,2002
432,Midnight Club 3: DUB Edition,PSP,Rockstar Games,Rockstar Leeds,7.2,,3.66,2005
433,MySims,DS,Electronic Arts,EA Redwood Shores,6.7,,3.66,2007
434,Banjo-Kazooie,N64,Nintendo,Rare Ltd.,9.3,9.4,3.65,1998
435,SOCOM: U.S. Navy SEALs,PS2,Sony Computer Entertainment,Zipper Interactive,8,,3.65,2002
436,Battlefield 4,PS3,Electronic Arts,EA DICE,8.7,,3.64,2013
437,Jak and Daxter: The Precursor Legacy,PS2,Sony Computer Entertainment,Naughty Dog,9,8.9,3.64,2001
438,Pokemon Snap,N64,Nintendo,HAL Laboratory,7.9,,3.63,1999
439,Pro Evolution Soccer 2008,PS2,Konami,Konami,8.2,,3.63,2008
440,FIFA Soccer 10,PS3,EA Sports,EA Canada,9,,3.63,2009
441,Guitar Hero: World Tour,Wii,Activision,Vicarious Visions,8.4,,3.62,2008
442,Gears of War: Ultimate Edition,XOne,Microsoft Studios,The Coalition,8.2,7.6,3.62,2015
443,Star Wars Battlefront,PS2,LucasArts,Pandemic Studios,8.1,,3.61,2004
444,Doom II,PC,GT Interactive,id Software,9.3,,3.61,1994
445,The Simpsons: Road Rage,PS2,Electronic Arts,Radical Entertainment,6.1,,3.61,2001
446,BattleBlock Theater,PC,The Behemoth,The Behemoth,8.5,7.9,3.61,2014
447,Assassin's Creed Syndicate,PS4,Ubisoft,Ubisoft Quebec,8.6,6.9,3.6,2015
448,Star Wars Battlefront II,PS2,LucasArts,Pandemic Studios,8.5,,3.59,2005
449,Assassin's Creed: Unity,XOne,Ubisoft,Ubisoft Montreal,,,3.58,2014
450,Cooking Mama 2: Dinner With Friends,DS,Majesco,Office Create,6.9,,3.58,2007
451,Undertale,PC,Toby Fox,Toby Fox,9.2,8.3,3.58,2015
452,WWF SmackDown!,PS,THQ,Yuke's,,,3.58,2000
453,Croc: Legend of the Gobbos,PS,Fox Interactive,Argonaut Games,7.6,,3.56,1997
454,Battlefield 4,X360,Electronic Arts,EA DICE,8.7,,3.54,2013
455,Grand Theft Auto: Liberty City Stories,PS2,Rockstar Games,Rockstar Leeds,8.3,,3.54,2006
456,The Getaway,PS2,Sony Computer Entertainment,Team Soho,7.7,,3.54,2003
457,Tomb Raider III: Adventures of Lara Croft,PS,Eidos Interactive,Core Design Ltd.,8.2,,3.54,1998
458,Batman: Arkham Asylum,X360,Eidos Interactive,Rocksteady Studios,9.1,,3.54,2009
459,Assassin's Creed: Brotherhood,X360,Ubisoft,Ubisoft Montreal,9.1,,3.53,2010
460,James Bond 007: Agent Under Fire,PS2,Electronic Arts,EA Redwood Shores,7.9,,3.53,2001
461,LEGO Star Wars: The Video Game,PS2,Eidos Interactive,Traveller's Tales,7.9,,3.53,2005
462,Resident Evil 5,X360,Capcom,Capcom,8.6,,3.53,2009
463,Rugrats in Paris: The Movie,PS,THQ,Avalanche Software,,,3.52,2000
464,NBA 2K17,PS4,2K Sports,Visual Concepts,9,6.4,3.52,2016
465,FIFA Soccer 11,X360,EA Sports,EA Canada,8.7,,3.52,2010
466,Spyro 2: Ripto's Rage!,PS,Sony Computer Entertainment,Insomniac Games,8.7,,3.52,1999
467,Left 4 Dead,X360,Valve Corporation,Certain Affinity / Valve Software,8.7,9,3.52,2008
468,Donkey Kong Country 3: Dixie Kong's Double Trouble!,SNES,Nintendo,Rare Ltd.,8.8,,3.51,1996
469,Fable II,X360,Microsoft Game Studios,Lionhead Studios,9,9.3,3.5,2008
470,Final Fantasy VII Remake,PS4,Square Enix,Square Enix,8.7,8.1,3.5,2020
471,Kung Fu,NES,Nintendo,Irem Software Engineering,,,3.5,1985
472,Resident Evil 3: Nemesis,PS,Capcom,Capcom,9.4,,3.5,1999
473,World of Warcraft: The Burning Crusade,PC,Blizzard Entertainment,Blizzard Entertainment,9.2,,3.5,2007
474,FIFA Soccer 2004,PS2,EA Sports,EA Canada,8,,3.49,2003
475,Pokemon Mystery Dungeon: Blue Rescue Team,DS,Nintendo,ChunSoft,6.3,,3.49,2006
476,Mortal Kombat X,PS4,Warner Bros. Interactive Entertainment,NetherRealm Studios,8.3,7.8,3.49,2015
477,Battlefield: Bad Company 2,X360,Electronic Arts,EA Digital Illusions CE,9,9.3,3.48,2010
478,Borderlands,X360,2K Games,Gearbox Software,8.3,,3.48,2009
479,Mario & Sonic at the Olympic Winter Games,DS,Sega,Sega,7.6,,3.47,2009
480,Dying Light,PC,Warner Bros. Interactive Entertainment,Techland,7.5,7.9,3.47,2016
481,Guitar Hero: On Tour,DS,Activision,Vicarious Visions,7.1,8.1,3.46,2008
482,Dragon Ball Z: Budokai,PS2,Atari,Dimps Corporation,,,3.46,2002
483,Halo: The Master Chief Collection,XOne,Microsoft Studios,343 Industries,8.5,7.4,3.44,2014
484,LEGO Batman: The Videogame,X360,Warner Bros. Interactive,Traveller's Tales,7.5,,3.44,2008
485,Tekken 4,PS2,Namco,Namco,7.9,,3.44,2002
486,FIFA 14,PS4,EA Sports,EA Canada,9.1,6.3,3.43,2013
487,Animal Crossing: Happy Home Designer,3DS,Nintendo,Nintendo EAD,6.6,6.9,3.43,2015
488,LittleBigPlanet 2,PS3,Sony Computer Entertainment,Media Molecule,9.1,,3.43,2011
489,Grand Theft Auto 2,PS,Rockstar Games,DMA Design,6.9,,3.42,1999
490,Destiny,XOne,Activision,Bungie,8.3,5.5,3.41,2014
491,Spider-Man 2,PS2,Activision,Treyarch,7.9,,3.41,2004
492,F-1 Race,GB,Nintendo,Nintendo,7,,3.41,1991
493,Super Mario Maker,3DS,Nintendo,Nintendo,7.3,,3.4,2016
494,World of Warcraft: Battle for Azeroth,PC,Blizzard Entertainment,Blizzard Entertainment,7.9,3.1,3.4,2018
495,FIFA Soccer 2003,PS2,EA Sports,EA Canada,8.3,,3.4,2002
496,Crash Bash,PS,Sony Computer Entertainment,Eurocom Entertainment Software,6.8,,3.39,2000
497,Gears of War 4,XOne,Microsoft Studios,The Coalition,8.4,6.9,3.38,2016
498,Tekken: Dark Resurrection,PSP,Namco Bandai,8ing/Raizing,8.7,,3.37,2006
499,The Elder Scrolls V: Skyrim Special Edition,PS4,Bethesda Softworks,Bethesda Softworks,8.3,7.1,3.36,2016
500,Watch Dogs 2,PS4,Ubisoft,Ubisoft,8.2,7.7,3.36,2016
501,The Legend of Zelda: Majora's Mask,N64,Nintendo,Nintendo EAD,9.3,,3.36,2000
502,WWF War Zone,PS,Acclaim Entertainment,Iguana Entertainment,,,3.36,1998
503,Yoshi's Island DS,DS,Nintendo,Artoon,8.2,,3.36,2006
504,Assassin's Creed IV: Black Flag,X360,Ubisoft,Ubisoft Montreal,8.5,,3.34,2013
505,NBA 2K18,PS4,2K Sports,Visual Concepts,8.1,1.7,3.34,2017
506,Big Brain Academy: Wii Degree,Wii,Nintendo,Nintendo EAD,7.1,,3.34,2007
507,Rugrats: Search For Reptar,PS,THQ,n-Space,,,3.34,1998
508,Luigi's Mansion,GC,Nintendo,Nintendo EAD,7.9,,3.33,2001
509,James Bond 007: Nightfire,PS2,Electronic Arts,Eurocom Entertainment Software,,,3.33,2002
510,Ratchet & Clank,PS2,Sony Computer Entertainment,Insomniac Games,,,3.33,2002
511,Star Wars Episode III: Revenge of the Sith,PS2,LucasArts,The Collective,,,3.32,2005
512,Max Payne,PS2,Rockstar Games,Remedy Entertainment,8.1,,3.31,2001
513,Madden NFL 16,PS4,EA Sports,EA Tiburon,8.2,5.9,3.3,2015
514,World of Warcraft: Legion,PC,Blizzard Entertainment,Blizzard Entertainment,8.8,7.3,3.3,2016
515,World of Warcraft: Warlords of Draenor,PC,Activision Blizzard,Blizzard Entertainment,8.7,5.9,3.3,2014
516,Dark Souls III,PC,Namco Bandai Games,From Software,8.9,8.4,3.29,2016
517,Dark Souls: Prepare to Die Edition,PC,Namco Bandai Games,From Software,8.5,7.6,3.29,2012
518,The Lord of the Rings: The Return of the King,PS2,Electronic Arts,"Hypnos Entertainment, Inc.",8.4,,3.28,2003
519,Half-Life 2: Episode Two,PC,Valve Software,Valve Corporation,9.1,,3.28,2007
520,Madden NFL 17,PS4,EA Sports,EA Tiburon,8.5,4.4,3.28,2016
521,True Crime: Streets of LA,PS2,Activision,Luxoflux,,,3.27,2003
522,Gran Turismo (PSP),PSP,Sony Computer Entertainment,Polyphony Digital,,,3.27,2009
523,Far Cry 3,PS3,Ubisoft,Ubisoft Montreal,,,3.27,2012
524,God of War: Chains of Olympus,PSP,Sony Computer Entertainment,Ready at Dawn,8.9,9.5,3.26,2008
525,FIFA 16,XOne,EA Sports,EA Canada,8.5,4.4,3.25,2015
526,Tekken,PS,Namco,Namco,8.3,,3.24,1995
527,Flash Focus: Vision Training in Minutes a Day,DS,Nintendo,Bandai Namco Games,6.1,,3.23,2007
528,007: Tomorrow Never Dies,PS,Electronic Arts,Black Ops Entertainment,6.2,,3.21,1999
529,L.A. Noire,PS3,Rockstar Games,Team Bondi,9.1,,3.21,2011
530,Baseball,NES,Nintendo,Nintendo,5.5,,3.2,1985
531,Detroit: Become Human,PS4,Sony Interactive Entertainment,Quantic Dream,8,8.6,3.2,2018
532,Dragon Quest IV,NES,Enix,ChunSoft,,,3.2,1992
533,Dragon Quest VI: Maboroshi no Daichi,SNES,Enix,Heart Beat,,,3.2,1995
534,Killer Instinct,SNES,Nintendo,Rare Ltd.,,,3.2,1995
535,WWF SmackDown! 2: Know Your Role,PS,THQ,Yuke's,8.7,,3.2,2000
536,Middle-Earth: Shadow of Mordor,PS4,Warner Bros. Interactive Entertainment,Monolith Productions,,,3.19,2014
537,Assassin's Creed IV: Black Flag,PS4,Ubisoft,Ubisoft Montreal,8.3,7.9,3.19,2013
538,Personal Trainer: Cooking,DS,Nintendo,Nintendo EAD,8.4,,3.18,2008
539,Enter the Matrix,PS2,Atari,Shiny Entertainment,7.2,,3.18,2003
540,Assassin's Creed Odyssey,PS4,Ubisoft,Ubisoft Quebec,9.5,5.9,3.18,2018
541,Fallout: New Vegas,PS3,Bethesda Softworks,Obsidian Entertainment,8.2,,3.17,2010
542,Sonic Heroes,PS2,Sega,Sonic Team,6.6,,3.16,2004
543,Club Penguin: Elite Penguin Force,DS,Disney Interactive Studios,1st Playable Productions,7,,3.14,2008
544,FIFA Soccer 08,PS2,EA Sports,EA Canada,8.7,,3.14,2007
545,FIFA 18,XOne,EA Sports,EA Vancouver,8,3,3.14,2017
546,Spider-Man,PS,Activision,Neversoft Entertainment,,,3.13,2000
547,Need for Speed III: Hot Pursuit,PS,Electronic Arts,EA Canada,8,,3.12,1998
548,The Elder Scrolls IV: Oblivion,PS3,Bethesda Softworks,4J Studios,9.3,,3.12,2007
549,Star Wars Episode I Racer,N64,LucasArts,LucasArts,8.7,,3.12,1999
550,Tekken 6,PS3,Namco Bandai,Namco Bandai Games,7.9,,3.12,2009
551,Yoshi,GB,Nintendo,Game Freak,,,3.12,1992
552,Resident Evil 6,PS3,Capcom,Capcom,7.9,,3.12,2012
553,Tom Clancy's Ghost Recon Wildlands,PS4,Ubisoft,Ubisoft Paris,7,,3.12,2017
554,NBA 2K13,X360,2K Sports,Visual Concepts,8.6,,3.11,2012
555,Titanfall,XOne,Electronic Arts,Respawn Entertainment,8.9,6.7,3.11,2014
556,Mario Party 9,Wii,Nintendo,"Nd Cube Co., Ltd.",6.5,,3.11,2012
557,Mass Effect 2,X360,Electronic Arts,BioWare Edmonton,9.5,8.9,3.1,2010
558,The Legend of Zelda: Majora's Mask 3D,3DS,Nintendo,GREZZO,9,8.9,3.09,2015
559,Madden NFL 2002,PS2,EA Sports,EA Sports,9.2,,3.08,2001
560,World Class Track Meet,NES,Bandai,Bandai,,,3.08,1987
561,LEGO Batman: The Videogame,Wii,Warner Bros. Interactive,Traveller's Tales,7.3,,3.08,2008
562,Saints Row 2,X360,THQ,Volition Inc.,7.9,,3.07,2008
563,Donkey Kong,GB,Nintendo,Nintendo EAD,,,3.07,1994
564,The Sims: Vacation,PC,Electronic Arts,Maxis,8,,3.07,2002
565,Call of Duty: Ghosts,XOne,Activision,Infinity Ward,7.5,4.3,3.07,2013
566,LEGO Batman: The Videogame,DS,Warner Bros. Interactive,Traveller's Tales,7.8,,3.06,2008
567,Borderlands 2,X360,2K Games,Gearbox Software,9,,3.06,2013
568,New Super Luigi U,WiiU,Nintendo,Nintendo,7.8,8,3.05,2013
569,Kung Fu Panda,X360,Activision,Luxoflux,7.5,,3.05,2008
570,Mass Effect 3,X360,Electronic Arts,BioWare,9.5,,3.04,2012
571,Rhythm Heaven,DS,Nintendo,Nintendo SPD Group No.1,8.5,,3.04,2009
572,Metal Gear Solid V: The Phantom Pain,PS4,Konami Digital Entertainment,Kojima Productions,9.3,8.2,3.04,2015
573,Rayman,PS,Ubisoft,Ubisoft Montpellier,7,,3.03,1995
574,Tom Clancy's Splinter Cell,XB,Ubisoft,Ubisoft,9.3,9.1,3.02,2002
575,Mike Tyson's Punch-Out!!,NES,Nintendo,Nintendo IRD,,,3.02,1987
576,Professor Layton and the Unwound Future,DS,Nintendo,Level 5,8.4,,3.02,2010
577,WWE SmackDown! Shut Your Mouth,PS2,THQ,Yuke's Future Media Creators,8.2,,3.02,2002
578,Disney Epic Mickey,Wii,Disney Interactive Studios,Junction Point Studios,7,,3.02,2010
579,Killzone 2,PS3,Sony Computer Entertainment,Guerrilla Games,9.1,9.3,3.02,2009
580,1-2-Switch,NS,Nintendo,Nintendo EPD,5.7,,3.01,2017
581,Crysis,PC,Electronic Arts,Crytek,9.2,8.5,3,2007
582,DayZ,PC,Bohemia Interactive,Unknown,,,3,2012
583,Fable,XB,Microsoft Game Studios,Big Blue Box,8.6,,3,2004
584,Gears of War 3,X360,Microsoft Studios,Epic Games,9.1,,3,2011
585,Heavy Rain,PS3,Sony Computer Entertainment,Quantic Dream,8.8,8.6,3,2010
586,Kinect Sports,X360,Microsoft Game Studios,Rare Ltd.,7.4,,3,2010
587,MotorStorm,PS3,Sony Computer Entertainment,Evolution Studios,8.2,,3,2007
588,Sonic and the Secret Rings,Wii,Sega,Sonic Team,6.7,,3,2007
589,Sonic Rush,DS,Sega,Dimps Corporation,7.8,,3,2005
590,Space Engineers,PC,Keen Software House,Keen Software House,,,3,2019
591,Torchlight II,PC,Runic Games,Runic Games,9.1,8.5,3,2012
592,Warcraft II: Tides of Darkness,PC,Blizzard Entertainment,Blizzard Entertainment,9.3,,3,1996
593,WWE SmackDown! vs. Raw 2006,PS2,THQ,Yuke's,8.4,,3,2005
594,Kirby Super Star Ultra,DS,Nintendo,HAL Laboratory,7.3,,2.99,2008
595,Star Fox,SNES,Nintendo,Argonaut Games,,,2.99,1993
596,The Sims: Livin Large,PC,Electronic Arts,Maxis,,,2.99,2000
597,World Soccer Winning Eleven 6 International,PS2,Konami,Konami Computer Entertainment Tokyo,9,,2.99,2003
598,Far Cry 3,X360,Ubisoft,Ubisoft Montreal,9,,2.98,2012
599,Mario vs. Donkey Kong: Mini-Land Mayhem!,DS,Nintendo,Nintendo Software Technology Corporation,7.8,,2.98,2010
600,Style Savvy,DS,Nintendo,syn Sophia,7.6,,2.98,2009
601,Super Meat Boy,PC,Unknown,Team Meat,9.2,,2.97,2010
602,Yokai Watch,3DS,Nintendo,Level 5,7.7,,2.97,2015
603,The Legend of Zelda: Spirit Tracks,DS,Nintendo,Nintendo EAD,8.7,,2.96,2009
604,Battlefield: Bad Company 2,PS3,Electronic Arts,EA Digital Illusions CE,8.9,8.8,2.96,2010
605,Hitman 2: Silent Assassin,PS2,Eidos Interactive,IO Interactive,8.4,,2.96,2002
606,Yokai Watch 2: Psychic Specters,3DS,Nintendo,Level 5,,,2.95,2017
607,Street Fighter IV,X360,Capcom,Capcom / Dimps Corporation,9.3,9.3,2.95,2009
608,SOCOM II: U.S. Navy SEALs,PS2,Sony Computer Entertainment,Zipper Interactive,8.8,,2.94,2003
609,WWE SmackDown! vs. RAW 2006,PS2,THQ,Yuke's,,,2.94,2005
610,Fire Emblem Fates,3DS,Nintendo,Intelligent Systems,,,2.94,2016
611,Wave Race 64,N64,Nintendo,Nintendo EAD,9.2,,2.94,1996
612,Pac-Man Collection,GBA,Namco,Mass Media,9,,2.94,2001
613,Pokemon Ranger,DS,Nintendo,HAL Laboratory,6.6,,2.93,2006
614,Madden NFL 13,X360,EA Sports,EA Tiburon,8,,2.93,2012
615,Doom (2016),PS4,Bethesda Softworks,id Software,,,2.92,2016
616,Mass Effect,X360,Microsoft Game Studios,BioWare Edmonton,9.2,9.1,2.91,2007
617,FIFA 15,X360,EA Sports,EA Canada,6.9,,2.91,2014
618,Counter-Strike: Condition Zero,PC,Sierra Entertainment,Turtle Rock Studios,6.8,,2.9,2004
619,Dragon Ball Z: Budokai 2,PS2,Atari,Dimps Corporation,,,2.9,2003
620,Final Fantasy III,SNES,Square,SquareSoft,9.1,,2.9,1994
621,Mortal Kombat (2011),PS3,Warner Bros. Interactive Entertainment,NetherRealm Studios,8.5,,2.9,2011
622,World Soccer Winning Eleven 7 International,PS2,Konami,Konami Computer Entertainment Tokyo,9.2,,2.9,2004
623,Sega Superstars Tennis,X360,Sega,Sumo Digital,6.9,,2.89,2008
624,Cooking Mama: Cook Off,Wii,Majesco,Office Create,5.9,,2.89,2007
625,Hot Shots Golf 3,PS2,Sony Computer Entertainment,Clap Hanz,8,,2.89,2002
626,Call of Duty: Finest Hour,PS2,Activision,Spark Unlimited,,,2.89,2004
627,Syphon Filter,PS,989 Studios,Eidetic,9.2,,2.88,1999
628,Imagine: Babyz,DS,Ubisoft,Visual Impact,3.5,,2.87,2007
629,Fire Emblem: Three Houses,NS,Nintendo,Intelligent Systems,8.9,8.7,2.87,2019
630,Mafia III,PS4,2K Games,Hangar 13,6.9,5.2,2.87,2016
631,Subnautica,PC,Unknown Worlds Entertainment,Unknown Worlds Entertainment,8.7,8.4,2.87,2018
632,Colin McRae Rally,PS,Sony Computer Entertainment,Codemasters,7.9,,2.87,2000
633,Wii Music,Wii,Nintendo,Nintendo EAD,5.6,,2.86,2008
634,The Elder Scrolls III: Morrowind,XB,Bethesda Softworks,Bethesda Softworks,8.2,,2.86,2002
635,Prison Architect,PC,Introversion Software,Introversion Software,,,2.86,2015
636,Assassin's Creed: Brotherhood,PS3,Ubisoft,Ubisoft Montreal,9.1,,2.85,2010
637,Command & Conquer: Red Alert,PC,Virgin Interactive,Westwood Studios,9.3,,2.85,1996
638,F-Zero,SNES,Nintendo,Nintendo EAD,,,2.85,1991
639,Yoshi's Story,N64,Nintendo,Nintendo EAD,,,2.85,1998
640,The Walking Dead: A Telltale Games Series,PC,Telltale Games,Telltale Games,8.9,8.7,2.85,2012
641,Metroid Prime,GC,Nintendo,Retro Studios,9.6,9.5,2.84,2002
642,Zumba Fitness 2,Wii,Majesco,"Pipeworks Software, Inc.",,,2.83,2011
643,Madden NFL 10,X360,EA Sports,EA Tiburon,8.6,,2.83,2009
644,BioShock,X360,2K Games,2K Australia / 2K Boston,9.6,9.5,2.83,2007
645,Mario Party: Island Tour,3DS,Nintendo,"Nd Cube Co., Ltd.",5.5,6,2.83,2013
646,Yoshi's Island: Super Mario Advance 3,GBA,Nintendo,Nintendo EAD,,,2.83,2002
647,WWE SmackDown! vs. Raw,PS2,THQ,Yuke's,8.4,,2.83,2004
648,Finding Nemo,GBA,THQ,Vicarious Visions,7,,2.82,2003
649,Medal of Honor,PS3,Electronic Arts,EA Los Angeles,7,,2.82,2010
650,Diablo III: Ultimate Evil Edition,PS4,Blizzard Entertainment,Blizzard Entertainment,9,7.9,2.82,2014
651,The Legend of Zelda: A Link to the Past,GBA,Nintendo,"Flagship Co., Ltd. / Nintendo EAD",9.6,,2.82,2002
652,Gran Turismo (PSP),PSN,Sony Computer Entertainment,Polyphony Digital,7.8,,2.82,2009
653,Need for Speed: Hot Pursuit,PS3,Electronic Arts,Criterion Games,8.9,,2.81,2010
654,Imagine: Fashion Designer,DS,Ubisoft,Virtual Toys / Lexis Numerique,3,,2.81,2007
655,Killzone 3,PS3,Sony Computer Entertainment,Guerrilla Games,8.2,,2.81,2011
656,Hitman: Absolution,PC,Square Enix,IO Interactive,9,7.1,2.81,2012
657,WWE SmackDown! Here Comes the Pain,PS2,THQ,Yuke's,9.1,,2.8,2003
658,Dragon Quest V: Tenkuu no Hanayome,SNES,Enix,ChunSoft,,,2.8,1992
659,Infestation: Survivor Stories,PC,Unknown,Hammerpoint Interactive,3,,2.8,2012
660,Tekken 5,PS2,Namco,Namco,9,,2.8,2005
661,Hot Shots Golf,PS,Sony Computer Entertainment,Camelot Software Planning,8,,2.79,1998
662,Trine 2,PC,Frozenbyte,Frozenbyte,9,8.4,2.79,2011
663,Skylanders: Spyro's Adventure,Wii,Activision,Toys for Bob,8,,2.79,2011
664,A Bug's Life,PS,Sony Computer Entertainment,Traveller's Tales,3.6,,2.79,1998
665,WWF SmackDown! Just Bring It,PS2,THQ,Yuke's,,,2.79,2001
666,Mortal Kombat Trilogy,PS,Midway Games,Avalanche Software,6,,2.79,1996
667,NBA Street,PS2,EA Sports BIG,NuFX,9.3,,2.79,2001
668,Jak II,PS2,Sony Computer Entertainment,Naughty Dog,9.5,,2.78,2003
669,Ratchet & Clank: Going Commando,PS2,Sony Computer Entertainment,Insomniac Games,8.7,,2.78,2003
670,The Sims,PS2,Electronic Arts,Edge of Reality,8,,2.77,2003
671,Star Wars: The Force Unleashed,X360,LucasArts,LucasArts,7.1,,2.77,2008
672,Saints Row: The Third,X360,THQ,Volition Inc.,8.3,,2.77,2011
673,Donkey Kong Country Returns 3D,3DS,Nintendo,Monster Games,8.6,8.3,2.76,2013
674,Missile Command,2600,Atari,Atari,,,2.76,1981
675,Battlefield 3,PC,Electronic Arts,Dice,8.9,7.6,2.76,2011
676,The Binding of Isaac: Rebirth,PC,Nicalis,Nicalis,8.6,8.4,2.76,2014
677,Mario Tennis Aces,NS,Nintendo,Camelot Software Planning,7.8,7.1,2.75,2018
678,Resident Evil,PS,Capcom,Capcom,8.6,,2.75,1996
679,Need for Speed: Most Wanted (2012),PS3,Electronic Arts,Criterion Games,,,2.74,2012
680,Tetris DS,DS,Nintendo,Nintendo,8.5,,2.74,2006
681,L.A. Noire,X360,Rockstar Games,Team Bondi,9.1,,2.73,2011
682,Metroid,NES,Nintendo,Nintendo R&D1,8,,2.73,1987
683,Ring Fit Adventure,NS,Nintendo,Nintendo EPD,8.3,8.8,2.73,2019
684,Far Cry: Primal,PS4,Ubisoft,Ubisoft Montreal,7.2,,2.73,2016
685,"Pokemon: Let's Go, Eevee!",NS,Nintendo,Game Freak,8.3,6.1,2.73,2018
686,Overwatch,XOne,Blizzard Entertainment,Blizzard Entertainment,8.7,5.9,2.72,2016
687,Need for Speed (2015),PS4,Electronic Arts,Ghost Games,7,,2.72,2015
688,Madden NFL 13,PS3,EA Sports,EA Tiburon,8.3,,2.71,2012
689,Skate 3,X360,EA Sports,EA Black Box,8.3,,2.71,2010
690,Tom Clancy's Rainbow Six: Siege,XOne,Ubisoft,Ubisoft Montreal,,,2.71,2015
691,Divinity: Original Sin,PC,Focus Home Interactive,Unknown,8.7,8.7,2.71,2015
692,Madden NFL 12,X360,EA Sports,EA Tiburon,7.8,,2.7,2011
693,1602 A.D.,PC,Sunflowers,Max Design,7.9,,2.7,2000
694,Dead Rising 3,XOne,Microsoft Studios,Capcom,8.3,6.9,2.7,2013
695,Mario Party,N64,Nintendo,Hudson Soft,7.6,,2.7,1999
696,World of Warcraft: Mists of Pandaria,PC,Blizzard Entertainment,Blizzard Entertainment,8.7,5,2.7,2012
697,Call of Duty 3,X360,Activision,Treyarch,8,8.4,2.7,2006
698,LEGO Star Wars II: The Original Trilogy,PS2,LucasArts,Traveller's Tales,8.4,,2.69,2006
699,Madden NFL 11,X360,EA Sports,EA Tiburon,8.3,,2.69,2010
700,Burnout 3: Takedown,PS2,Electronic Arts,Criterion Games,9.3,,2.68,2004
701,Mortal Kombat,GEN,Arena Entertainment,Probe Entertainment Limited,,,2.67,1993
702,Halo Wars,X360,Microsoft Game Studios,Ensemble Studios,8.1,8.5,2.67,2009
703,Call of Duty 2: Big Red One,PS2,Activision,Treyarch,8.5,,2.67,2005
704,Medal of Honor,PS,Electronic Arts,DreamWorks Interactive,9.3,,2.67,1999
705,Guitar Hero: World Tour,X360,Activision,Neversoft Entertainment,8.6,,2.66,2008
706,WWE SmackDown! Shut Your Mouth,PS2,THQ,Yuke's,8.2,,2.66,2002
707,Final Fantasy XIII-2,PS3,Square Enix,Square Enix,8,,2.66,2012
708,Medal of Honor Heroes,PSP,Electronic Arts,Team Fusion,6.7,,2.66,2006
709,Hannah Montana,DS,Buena Vista,DC Studios,6.5,,2.65,2006
710,Need for Speed: Shift,PS3,Electronic Arts,Slightly Mad Studios,8.2,,2.65,2009
711,Tom Clancy's Splinter Cell,PS2,Ubisoft,Ubisoft,9.1,,2.65,2003
712,Star Wars: Shadows of the Empire,N64,Nintendo,LucasArts,6.5,,2.65,1996
713,Super Mario Bros. 2 (FDS),NES,Nintendo,Nintendo EAD,8.5,8.1,2.65,1986
714,Ace Combat 04: Shattered Skies,PS2,Namco,Namco,8.9,,2.64,2001
715,Medal of Honor,X360,Electronic Arts,EA Los Angeles,7.3,,2.64,2010
716,NBA 2K12,X360,2K Sports,Visual Concepts,9.1,,2.64,2011
717,Midnight Club: Street Racing,PS2,Rockstar Games,Angel Studios,8.6,,2.63,2000
718,NBA 2K13,PS3,2K Sports,Visual Concepts,8.9,,2.63,2012
719,Mario & Luigi: Dream Team,3DS,Nintendo,AlphaDream Corporation,8,8.1,2.63,2013
720,NBA 2K19,PS4,2K Sports,Visual Concepts,8.2,2.6,2.63,2018
721,ESPN NFL 2K5,PS2,Sega,Visual Concepts,9.3,,2.62,2004
722,Madden NFL 18,PS4,EA Sports,EA Tiburon,8.2,3.7,2.62,2017
723,FIFA Soccer 10,X360,EA Sports,EA Canada,8.9,,2.62,2009
724,LittleBigPlanet,PSP,Sony Computer Entertainment,SCEE Cambridge,8.8,,2.61,2009
725,Harry Potter and the Chamber of Secrets,PS2,Electronic Arts,Eurocom Entertainment Software,8.4,,2.61,2002
726,Mario Strikers Charged,Wii,Nintendo,Next Level Games,7.7,,2.6,2007
727,Monster Hunter 3G,3DS,Capcom,Capcom,7.6,,2.6,2013
728,Streets of Rage,GEN,Sega,Sega,,,2.6,1990
729,Grand Theft Auto: Episodes from Liberty City,X360,Rockstar Games,Rockstar North,9,,2.6,2009
730,LEGO Star Wars: The Complete Saga,X360,LucasArts,Traveller's Tales,8,,2.59,2007
731,Mario + Rabbids: Kingdom Battle,NS,Ubisoft,Ubisoft Milan,8.3,8.5,2.59,2017
732,Tom Clancy's The Division,XOne,Ubisoft,Massive Entertainment,8,6.9,2.59,2016
733,FIFA Soccer 09,PS3,Electronic Arts,EA Canada,8.6,,2.59,2008
734,NBA Live 2005,PS2,EA Sports,EA Canada,8.9,,2.59,2004
735,Hotline Miami,PC,Devolver Digital,Dennaton Games,8.8,8.6,2.58,2012
736,Bastion,PC,Warner Bros. Interactive Entertainment,Supergiant Games,8.5,8.5,2.58,2011
737,WWE SmackDown vs. RAW 2007,PS2,THQ,Yuke's,8,,2.58,2006
738,Skylanders Giants,Wii,Activision,Toys for Bob,8,,2.58,2012
739,Ratchet & Clank: Up Your Arsenal,PS2,Sony Computer Entertainment,Insomniac Games,9.1,,2.57,2004
740,Madden NFL 08,PS2,EA Sports,EA Tiburon,7.9,,2.57,2007
741,Clubhouse Games,DS,Nintendo,Agenda,8.3,,2.57,2006
742,NBA 2K14,X360,2K Sports,Visual Concepts,9.3,,2.57,2013
743,Ratchet & Clank Future: Tools of Destruction,PS3,Sony Computer Entertainment,Insomniac Games,8.9,,2.57,2007
744,Hot Shots Golf,PS,Sony Computer Entertainment,Camelot Software Planning,8,,2.56,1998
745,Dragon Age: Origins,X360,Electronic Arts,BioWare Edmonton,8.5,,2.56,2009
746,Kirby Star Allies,NS,Nintendo,HAL Laboratory,8.1,10,2.56,2018
747,Kirby: Triple Deluxe,3DS,Nintendo,HAL Laboratory,7.8,8.7,2.56,2014
748,FIFA 16,PS3,EA Sports,EA Canada,9,,2.55,2015
749,Pokemon Stadium 2,N64,Nintendo,HAL Laboratory,7.9,,2.54,2001
750,Madden NFL 09,X360,EA Sports,EA Tiburon,8.5,,2.54,2008
751,Space Invaders,2600,Atari,Atari,,,2.53,1978
752,Crazy Taxi,PS2,Acclaim Entertainment,Hitmaker,8.2,,2.52,2001
753,Dragon Ball: Xenoverse 2,PS4,Namco Bandai Games,Dimps Corporation,7.1,7.5,2.52,2016
754,Perfect Dark,N64,Rare,Rare Ltd.,9.7,,2.52,2000
755,Tomb Raider (2013),PS3,Square Enix,Crystal Dynamics,8.9,,2.51,2013
756,Midnight Club: Los Angeles,PS3,Rockstar Games,Rockstar San Diego,8.3,,2.5,2008
757,PES 2009: Pro Evolution Soccer,PS2,Konami,Konami,,,2.5,2008
758,Marvel: Ultimate Alliance,X360,Activision,Raven Software,8.3,,2.5,2006
759,Black & White,PC,Electronic Arts,Lionhead Studios,9.3,,2.5,2001
760,Crisis Core: Final Fantasy VII,PSP,Square Enix,Square Enix,8.1,9,2.5,2008
761,Dance Central,X360,MTV Games,Harmonix Music Systems,8.4,,2.5,2010
762,Diablo,PC,Blizzard Entertainment,Blizzard Entertainment,8.7,,2.5,1996
763,Dragon Ball Z: Budokai 3,PS2,Atari,Dimps Corporation,,,2.5,2004
764,Dragon Quest II,NES,Enix,ChunSoft,,,2.5,1990
765,Far Cry,PC,Ubisoft,Crytek,8.6,,2.5,2004
766,Final Fantasy Tactics,PS,Sony Computer Entertainment,SquareSoft,8.8,,2.5,1998
767,Forza Horizon 3,XOne,Microsoft Studios,Playground Games,9,8,2.5,2016
768,Warcraft III: The Frozen Throne,PC,Blizzard Entertainment,Blizzard Entertainment,9.2,,2.5,2003
769,Rise of the Tomb Raider,PC,Square Enix,Crystal Dynamics,8.6,7.9,2.49,2016
770,Dustforce DX,PC,Hitbox Team,Hitbox Team,,,2.49,2012
771,Rockstar Games Double Pack: Grand Theft Auto III & Grand Theft Auto Vice City,XB,Rockstar Games,Rockstar North,9.8,,2.49,2003
772,NBA 2K15,PS4,2K Sports,Visual Concepts,8.3,6.9,2.49,2014
773,Game Party,Wii,Midway Games,JGI Entertainment,2.6,,2.49,2007
774,Mortal Kombat: Deadly Alliance,PS2,Midway Games,Midway,8.2,,2.49,2002
775,Dungeon Defenders,PC,Trendy Entertainment,Trendy Entertainment,8.3,7.3,2.48,2011
776,Mario Party 2,N64,Nintendo,Hudson Soft,7.9,,2.48,2000
777,Saints Row: The Third,PS3,THQ,Volition Inc.,8.3,,2.48,2011
778,Tomb Raider: The Last Revelation,PS,Eidos Interactive,Core Design Ltd.,8.5,,2.48,1999
779,Assassin's Creed Origins,XOne,Ubisoft,Ubisoft Montreal,8.5,7.5,2.47,2017
780,Pure,X360,Disney Interactive Studios,Black Rock Studio,8.3,,2.47,2008
781,Rock Band,X360,MTV Games,Harmonix Music Systems,9.1,,2.47,2007
782,Minecraft,PSV,Sony Computer Entertainment America,4J Studios,,,2.47,2014
783,Battlefield 1942,PC,Electronic Arts,Digital Illusions CE,9,,2.47,2002
784,WarioWare Touched!,DS,Nintendo,Intelligent Systems,7.8,,2.47,2005
785,Resistance 2,PS3,Sony Computer Entertainment,Insomniac Games,8.5,8.7,2.47,2008
786,Batman: Arkham City,PC,Warner Bros. Interactive,Rocksteady Studios,9,8.7,2.47,2011
787,Madden NFL 16,XOne,EA Sports,EA Tiburon,8.4,6,2.47,2015
788,Mario Party 4,GC,Nintendo,Hudson Soft,7,,2.46,2002
789,Paper Mario: Sticker Star,3DS,Nintendo,Intelligent Systems,8.3,5.7,2.46,2012
790,Dying Light,PS4,Warner Bros. Interactive,Techland,7.4,7.9,2.45,2015
791,Dark Souls III,PS4,Namco Bandai Games,From Software,8.9,8.8,2.45,2016
792,LEGO Harry Potter: Years 1-4,Wii,Warner Bros. Interactive,Traveller's Tales,7.9,,2.45,2010
793,uDraw Studio,Wii,THQ,"Pipeworks Software, Inc.",,,2.44,2010
794,Madden NFL 17,XOne,EA Sports,EA Tiburon,8.1,5.4,2.44,2016
795,Twisted Metal 2,PS,Sony Computer Entertainment,SingleTrac,8.7,,2.44,1996
796,The Sims: Bustin' Out,PS2,Electronic Arts,Maxis,8,,2.43,2003
797,Need for Speed Carbon: Own the City,PSP,Electronic Arts,EA Black Box,7.4,,2.42,2006
798,Ice Hockey,NES,Nintendo,Nintendo,7,,2.42,1988
799,Sonic Adventure,DC,Sega,Sonic Team,8.9,,2.42,1999
800,Tom Clancy's Rainbow Six: Vegas 2,X360,Ubisoft,Ubisoft Montreal,8.2,,2.42,2008
801,God of War Collection,PS3,Sony Computer Entertainment,Bluepoint Games,9.2,,2.42,2009
802,Kinect: Disneyland Adventures,X360,Microsoft Studios,Frontier Developments,8.5,,2.41,2011
803,Pro Evolution Soccer 2011,PS3,Konami,Konami,6,,2.41,2010
804,ATV Offroad Fury,PS2,Sony Computer Entertainment,Rainbow Studios,8.4,,2.41,2001
805,Pokemon Colosseum,GC,Nintendo,Genius Sonority Inc.,7,,2.41,2004
806,NBA 2K16,XOne,2K Sports,Visual Concepts,8.3,6.1,2.41,2015
807,Halo: Combat Evolved Anniversary,X360,Microsoft Studios,343 Industries,8,,2.41,2011
808,Need for Speed: ProStreet,PS2,Electronic Arts,EA Black Box,,,2.41,2007
809,Tetris Plus,PS,Jaleco,Atlus Co.,6,,2.4,1996
810,Forza Motorsport 5,XOne,Microsoft Studios,Turn 10 Studios,8.8,6,2.4,2013
811,Midnight Club: Los Angeles,X360,Rockstar Games,Rockstar San Diego,8,,2.4,2008
812,Command & Conquer: Tiberian Sun,PC,Westwood Studios,Westwood Studios,,,2.4,1999
813,Dino Crisis,PS,Capcom,Capcom Production Studio 4,8.9,,2.4,1999
814,Final Fantasy V,SNES,Square,SquareSoft,7.5,,2.4,1992
815,Monster Hunter Freedom 2,PSP,Capcom,Capcom,7.6,,2.4,2007
816,Pro Wrestling,NES,Nintendo,TRY Corporation,,,2.4,1987
817,Theme Hospital,PC,Electronic Arts,Bullfrog Productions,5.5,,2.4,1997
818,God of War: Ascension,PS3,Sony Computer Entertainment,SCEA Santa Monica Studio,7.8,,2.4,2013
819,Madden NFL 11,PS3,EA Sports,EA Tiburon,8.4,,2.4,2010
820,Batman: Arkham Origins,PS3,Warner Bros. Interactive Entertainment,Warner Bros. Interactive Entertainment,7.8,,2.4,2013
821,Frogger's Adventures: Temple of the Frog,GBA,Konami,Konami,6.7,,2.39,2001
822,Zumba Fitness,X360,Majesco,"Pipeworks Software, Inc.",,,2.39,2010
823,Mario & Sonic at the London 2012 Olympic Games,Wii,Sega,Sega,6.8,,2.39,2011
824,Monopoly,PC,Hasbro Interactive,Unknown,,,2.39,1995
825,Mortal Kombat II (US & Others sales),GEN,Acclaim Entertainment,Probe Entertainment Limited,,,2.39,1994
826,Guitar Hero,PS2,RedOctane,Harmonix Music Systems,8,,2.38,2005
827,Dead Island,X360,Deep Silver,Techland,7,,2.38,2011
828,WCW/nWo Revenge,N64,THQ,Aki Corp.,,,2.38,1998
829,Ratchet & Clank (2016),PS4,Sony Interactive Entertainment,Insomniac Games,,,2.38,2016
830,Yu-Gi-Oh! The Duelists of the Roses,PS2,Konami,Konami,,,2.38,2003
831,Madden NFL 08,X360,EA Sports,EA Tiburon,8.7,,2.37,2007
832,The Incredibles,PS2,THQ,Heavy Iron Studios,5.9,,2.37,2004
833,Tony Hawk's Underground 2,PS2,Activision,Neversoft Entertainment,8.6,,2.37,2004
834,Madden NFL 10,PS3,EA Sports,EA Tiburon,8.5,,2.37,2009
835,Uncharted: The Lost Legacy,PS4,Sony Interactive Entertainment,Naughty Dog,8.4,7.7,2.37,2017
836,Sonic's Ultimate Genesis Collection,PS3,Sega,Backbone Entertainment,8.1,,2.36,2009
837,Sleeping Dogs,PC,Square Enix,United Front Games,8.5,8.3,2.36,2012
838,Kirby's Dream Land 2,GB,Nintendo,HAL Laboratory,,,2.36,1995
839,Pokemon Mystery Dungeon: Red Rescue Team,GBA,Nintendo,ChunSoft,6.5,,2.36,2006
840,Destiny 2,XOne,Activision,Bungie,8.7,4.2,2.35,2017
841,Donkey Kong Land 2,GB,Nintendo,Rare Ltd.,,,2.35,1996
842,Dragon Quest Monsters,GB,Eidos Interactive,TOSE,,,2.35,1999
843,Pokemon Ranger: Shadows of Almia,DS,Nintendo,HAL Laboratory,6.7,,2.35,2008
844,Tekken 7,PS4,Namco Bandai Games,Namco Bandai Games,8.2,6.8,2.35,2017
845,WarioWare: Smooth Moves,Wii,Nintendo,Intelligent Systems,8.2,,2.35,2007
846,LEGO Indiana Jones: The Original Adventures,Wii,LucasArts,Traveller's Tales,7.8,,2.35,2008
847,Lego Marvel Super Heroes,X360,Warner Bros. Interactive Entertainment,Traveller's Tales,,,2.34,2013
848,WWE SmackDown vs Raw 2008,PS2,THQ,Yuke's Media Creations,,,2.34,2007
849,Dragon Age: Inquisition,PS4,Electronic Arts,BioWare Edmonton,8.9,7.4,2.34,2014
850,Kinect Sports: Season Two,X360,Microsoft Studios,Rare Ltd.,6.6,,2.33,2011
851,Madden NFL 25,X360,EA Sports,EA Tiburon,7.8,,2.33,2013
852,Art Academy,DS,Nintendo,Headstrong Games,6.8,,2.33,2010
853,My Fitness Coach,Wii,Ubisoft,Ubisoft,7.1,,2.32,2008
854,Assassin's Creed IV: Black Flag,XOne,Ubisoft,Ubisoft Montreal,8.3,,2.32,2013
855,Mario Super Sluggers,Wii,Nintendo,Bandai Namco Games / NOW Production,6.7,,2.32,2008
856,Mario Tennis,N64,Nintendo,Camelot Software Planning,8.8,,2.32,2000
857,Yokai Watch Blasters: Red Cat Corps / White Dog Squad,3DS,Nintendo,Level 5,,,2.32,2018
858,Grand Theft Auto,PS,Take-Two Interactive,DMA Design,6,,2.32,1998
859,James Bond 007: Everything or Nothing,PS2,Electronic Arts,EA Redwood Shores,8.5,,2.31,2004
860,Mafia II,PC,2K Games,Illusion Softworks,7.6,,2.31,2010
861,Need for Speed: High Stakes,PS,Electronic Arts,EA Canada,8.8,,2.31,1999
862,Mario Paint,SNES,Nintendo,Intelligent Systems,,,2.31,1992
863,The Legend of Zelda: The Wind Waker,WiiU,Nintendo,Nintendo EAD,9.3,,2.31,2013
864,The Sims 3,X360,Electronic Arts,The Sims Studio,8,,2.31,2010
865,Cool Boarders 3,PS,989 Studios,Idol Minds Digital Entertainment,6,,2.31,1998
866,LEGO Star Wars: The Complete Saga,PS3,LucasArts,Traveller's Tales,8,,2.31,2007
867,"Papers, Please",PC,3909 LLC,3909 LLC,8.4,8.5,2.31,2013
868,Chrono Trigger,SNES,Square,SquareSoft,8.8,,2.3,1995
869,Final Fantasy III,DS,Square Enix,Matrix Software,7.4,,2.3,2006
870,Resident Evil 4,PS2,Capcom,Capcom Production Studio 4,9.6,9.3,2.3,2005
871,Tabletop Simulator,PC,Berserk Games,Berserk Games,,,2.3,2015
872,LEGO Harry Potter: Years 1-4,DS,Warner Bros. Interactive,Traveller's Tales,8,,2.29,2010
873,Dead Island,PS3,Deep Silver,Techland,6.7,,2.29,2011
874,Tomb Raider II,PC,Eidos Interactive,Core Design Ltd.,8.2,,2.29,1997
875,Need for Speed Underground 2,XB,Electronic Arts,EA Black Box,9.1,,2.28,2004
876,Pro Evolution Soccer 2010,PS3,Konami,Konami,7,,2.28,2009
877,Fire Emblem: Awakening,3DS,Nintendo,Intelligent Systems,9,9.1,2.28,2013
878,Mario Bros.,NES,Nintendo,Nintendo R&D1,4.5,,2.28,1986
879,Darksiders: Warmastered Edition,PC,THQ Nordic,Kaiko,,,2.28,2016
880,FIFA Soccer 09,PS2,Electronic Arts,EA Canada,7.1,,2.28,2008
881,Star Wars Battlefront II (US sales),PS2,LucasArts,Pandemic Studios,,,2.27,2005
882,Golf With Your Friends,PC,Team 17,Blacklight Interactive,,,2.27,2016
883,Animal Crossing,GC,Nintendo,Nintendo EAD,8.3,,2.27,2002
884,Classic NES Series: Super Mario Bros.,GBA,Nintendo,Nintendo EAD,8.3,,2.27,2004
885,Kirby Squeak Squad,DS,Nintendo,"HAL Laboratory, Flagship",7.3,,2.27,2006
886,Madden NFL 12,PS3,EA Sports,EA Tiburon,7.8,,2.27,2011
887,Borderlands 2,PS3,2K Games,Gearbox Software,9,,2.27,2012
888,No Man's Sky,PS4,Hello Games,Hello Games,6.8,4.6,2.26,2016
889,Cool Boarders 2,PS,Sony Computer Entertainment,UEP Systems,7.2,,2.25,1997
890,Battlefield 2,PC,Electronic Arts,Digital Illusions CE,9,,2.25,2005
891,Donkey Kong Country: Tropical Freeze,NS,Nintendo,Retro Studios,9.1,9.1,2.25,2018
892,Dynasty Warriors 4,PS2,KOEI,Omega Force,8.6,,2.25,2003
893,Guitar Hero III: Legends of Rock,PS3,RedOctane,Neversoft,8.2,8,2.25,2007
894,Just Dance Kids,Wii,Ubisoft,Ubisoft Paris,,,2.25,2010
895,Madden NFL 15,PS4,EA Sports,EA Tiburon,8.1,6.1,2.25,2014
896,Call of Duty 3,Wii,Activision,EXAKT Entertainment,6.8,7.3,2.24,2006
897,Batman: Arkham Asylum,PC,Eidos Interactive,Rocksteady Studios,9.3,,2.24,2009
898,Sonic Advance,GBA,Sega,Dimps Corporation / Sonic Team,9.1,,2.24,2002
899,Super Mario All-Stars: Limited Edition,Wii,Nintendo,Nintendo EAD,7.2,,2.24,2010
900,Spyro: Season of Ice,GBA,Vivendi Games,Digital Eclipse,,,2.23,2001
901,Air Combat,PS,Namco,Namco,7,,2.23,1995
902,Mario Party 10,WiiU,Nintendo,"Nd Cube Co., Ltd.",6.3,6.4,2.23,2015
903,Teenage Mutant Ninja Turtles II: The Arcade Game,NES,Ultra Games,Konami,,,2.23,1990
904,Dance Dance Revolution X2,PS2,Konami,Konami Computer Entertainment Tokyo,,,2.23,2009
905,Battlefield V,PS4,Electronic Arts,EA DICE,7.3,2.1,2.22,2018
906,Prince of Persia: The Sands of Time,PS2,Ubisoft,Ubisoft Montreal,9,9.1,2.22,2003
907,FIFA 19,XOne,Electronic Arts,EA Sports,8.3,2,2.22,2018
908,Star Wars: The Force Unleashed,PS3,LucasArts,LucasArts,6.8,,2.22,2008
909,The Legend of Zelda: Link's Awakening DX,GBC,Nintendo,Nintendo EAD,9.4,,2.22,1998
910,NBA 2K14,PS3,2K Sports,Visual Concepts,9.3,,2.22,2013
911,Darkest Dungeon,PC,Red Hook Studios,Red Hook Studios,8.4,7.8,2.21,2016
912,Madden NFL 19,PS4,EA Sports,EA Tiburon,8,2.3,2.21,2018
913,ARMS,NS,Nintendo,Nintendo EPD,7.9,7.1,2.21,2017
914,Guitar Hero II,X360,RedOctane,Harmonix Music Systems,9.2,,2.21,2007
915,LEGO Indiana Jones: The Original Adventures,DS,LucasArts,Traveller's Tales,8,,2.2,2008
916,Need for Speed: Hot Pursuit,X360,Electronic Arts,Criterion Games,8.8,,2.2,2010
917,Frogger,2600,Parker Bros.,Konami,,,2.2,1982
918,Rock Band 2,X360,MTV Games,Harmonix Music Systems,9.2,,2.2,2008
919,Baldur's Gate,PC,Interplay,BioWare,9.2,,2.2,1998
920,NieR: Automata,PS4,Square Enix,PlatinumGames,8.8,8.9,2.2,2017
921,R.B.I. Baseball,NES,Tengen,Namco,,,2.2,1988
922,Wario Land 3,GB,Nintendo,Nintendo R&D1,,,2.2,2000
923,Wario Land 4,GBA,Nintendo,Nintendo R&D1,9,,2.2,2001
924,BioShock 2,X360,2K Games,2K Marin,8.6,,2.2,2010
925,High School Musical: Makin' the Cut!,DS,Disney Interactive Studios,Artificial Mind and Movement,7.3,,2.2,2007
926,Final Fantasy XIII,X360,Square Enix,Square Enix,8.1,,2.19,2010
927,Skylanders SWAP Force,Wii,Activision,Beenox,,,2.19,2013
928,FIFA 15,XOne,EA Sports,EA Canada,7.9,5.4,2.19,2014
929,Star Wars: Knights of the Old Republic,XB,LucasArts,BioWare Corp.,9.4,10,2.19,2003
930,Donkey Kong Country,GBC,Nintendo,Rare Ltd.,9.1,,2.19,2000
931,Kirby's Pinball Land,GB,Nintendo,HAL Laboratory,8,,2.19,1993
932,Yokai Watch 3: Sushi / Tempura / Sukiyaki,3DS,Level 5,Level 5,,,2.19,2016
933,Pro Evolution Soccer 2012,PS3,Konami,Konami,7.5,,2.19,2011
934,Need for Speed: Payback,PS4,Electronic Arts,Ghost Games,5.8,,2.18,2017
935,Yu-Gi-Oh: Duel Monsters 4,GB,Konami,Konami,,,2.18,2000
936,ATV Offroad Fury 2,PS2,Sony Computer Entertainment,Rainbow Studios,8.7,,2.18,2002
937,Destiny: The Taken King,PS4,Activision,Bungie,8.6,6.2,2.18,2015
938,Spyro Reignited Trilogy,PS4,Activision,Toys for Bob,8.2,8.1,2.17,2018
939,Mario Party 5,GC,Nintendo,Hudson Soft,5.9,,2.17,2003
940,Star Wars: Rogue Squadron,N64,LucasArts,Factor 5,9,,2.17,1998
941,Tennis,NES,Nintendo,Nintendo,,,2.17,1985
942,Scribblenauts,DS,Warner Bros. Interactive,5TH Cell,8.2,,2.17,2009
943,PlayerUnknown's Battlegrounds,XOne,Microsoft Studios,PUBG Corporation,8.5,5,2.17,2017
944,Need for Speed Rivals,PS4,Electronic Arts,Ghost Games,8,,2.17,2013
945,PlayStation VR Worlds,PS4,Sony Interactive Entertainment,SIE London Studio,,,2.16,2016
946,Devil May Cry,PS2,Capcom,Capcom,9.1,9.3,2.16,2001
947,Dragon Ball: Xenoverse,PS4,Namco Bandai Games,Dimps Corporation,6.9,7.7,2.16,2015
948,The Sims: House Party,PC,Maxis,Maxis,7,,2.16,2001
949,Your Shape featuring Jenny McCarthy,Wii,Ubisoft,Ubisoft,6,,2.16,2009
950,Syphon Filter 2,PS,989 Studios,Eidetic,8.9,,2.15,2000
951,Battlefield: Hardline,PS4,Electronic Arts,EA DICE,,,2.15,2015
952,How to Survive 2,PC,Unknown,EKO Software,,,2.15,2016
953,Inazuma Eleven 3: Lightning Bolt / Bomb Blast / Team Ogre Attacks!,DS,Level 5,Level 5,,,2.15,2010
954,Mario & Luigi: Superstar Saga,GBA,Nintendo,AlphaDream Corporation,8.8,,2.15,2003
955,Volleyball,NES,Nintendo,Nintendo R&D1,,,2.15,1987
956,Banished,PC,Falcom,Unknown,7.3,8.1,2.15,2014
957,Mahjong,NES,Nintendo,Nintendo,,,2.14,1983
958,Mario & Sonic at the Olympic Games,Wii,Sega,Sega,7.2,,2.14,2007
959,R.C. Pro-Am,NES,Nintendo,Rare Ltd.,,,2.14,1988
960,SimCity 2000,PC,Maxis,Maxis,8,,2.14,1993
961,Super Mario RPG: Legend of the Seven Stars,SNES,Nintendo,SquareSoft,,,2.14,1996
962,Call of Duty: Roads to Victory,PSP,Activision,Amaze Entertainment,6.1,,2.14,2007
963,Demon Attack,2600,Imagic,Imagic,,,2.13,1982
964,Dance Dance Revolution Extreme,PS2,Konami,Konami Computer Entertainment Tokyo,8,,2.13,2004
965,NBA 2K12,PS3,2K Sports,Visual Concepts,9,,2.13,2011
966,Borderlands,PS3,2K Games,Gearbox Software,8.2,,2.12,2009
967,Mortal Kombat (2011),X360,Warner Bros. Interactive Entertainment,NetherRealm Studios,8.6,,2.12,2011
968,Project Gotham Racing,XB,Microsoft,Bizarre Creations,8.4,,2.12,2001
969,Golf,GB,Nintendo,Nintendo,9,,2.12,1990
970,NBA 2K11,X360,2K Sports,Visual Concepts,8.8,,2.11,2010
971,Tony Hawk's Pro Skater,N64,Activision,Edge of Reality,9.3,,2.11,2000
972,PES 2009: Pro Evolution Soccer,PS3,Konami,Konami,7.7,,2.11,2008
973,Need for Speed: Hot Pursuit 2,PS2,Electronic Arts,EA Seattle,8.7,,2.11,2002
974,Project Gotham Racing (JP weekly sales),XB,Microsoft,Bizarre Creations,,,2.1,2002
975,Scooby-Doo! Night of 100 Frights,PS2,THQ,Heavy Iron Studios,6.7,,2.1,2002
976,Killzone: Shadow Fall,PS4,Sony Computer Entertainment,Guerrilla Games,9,6.8,2.1,2013
977,Kirby: Nightmare in Dream Land,GBA,Nintendo,HAL Laboratory,8.1,,2.1,2002
978,Onimusha 2: Samurai's Destiny,PS2,Capcom,Capcom,8.5,,2.1,2002
979,Battlefield 4,XOne,Electronic Arts,EA DICE,8.5,,2.09,2013
980,Need for Speed: Most Wanted 5-1-0,PSP,Electronic Arts,EA Black Box,7.4,,2.09,2005
981,Derby Stallion,PS,ASCII Entertainment,ParityBit,,,2.09,1997
982,Just Dance 2015,Wii,Ubisoft,Ubisoft Paris,,,2.09,2014
983,Finding Nemo,PS2,THQ,Traveller's Tales,7,,2.09,2003
984,Madden NFL 15,X360,EA Sports,EA Tiburon,,,2.09,2014
985,Grand Theft Auto: Episodes from Liberty City,PS3,Rockstar Games,Rockstar North,9,,2.09,2010
986,Total War: WARHAMMER,PC,Sega,Creative Assembly,8.6,7.4,2.09,2016
987,Tetris Worlds,PS2,THQ,Blue Planet Software,3.8,,2.08,2002
988,Sim Theme Park,PC,Electronic Arts,Bullfrog Productions,8.1,,2.08,1999
989,Rock Band,Wii,MTV Games,Harmonix Music Systems,8.2,,2.08,2008
990,Portal 2,X360,Valve,Valve Software,9.6,,2.08,2011
991,Mario Party 7,GC,Nintendo,Hudson Soft,6,,2.08,2005
992,Wipeout: The Game,Wii,Activision,Endemol,,,2.08,2010
993,Metal Gear Solid: Peace Walker,PSP,Konami,Kojima Productions,8.6,,2.08,2010
994,Spec Ops: Airborne Commando,PS,Gotham Games,Big Grub,,,2.07,2002
995,Dance Dance Revolution: Hottest Party,Wii,Konami,Bemani,7,,2.07,2007
996,The Sims 2: Pets,DS,Electronic Arts,Maxis,4.8,,2.07,2006
997,Rise of the Tomb Raider,PS4,Square Enix,Crystal Dynamics,,,2.07,2016
998,UFC 2009 Undisputed,X360,THQ,Yuke's Osaka,8.4,,2.07,2009
999,Yu-Gi-Oh! The Eternal Duelist Soul,GBA,Konami,Konami Computer Entertainment Japan,8,,2.07,2002
1000,LittleBigPlanet 3,PS4,Sony Computer Entertainment,Sumo Digital,7.9,7.2,2.06,2014
1001,Professor Layton and the Last Specter,DS,Nintendo,Level 5,8.4,,2.06,2011
1002,The Incredibles,GBA,THQ,Helixe,5.4,,2.06,2004
1003,Call of Duty 2,X360,Activision,Infinity Ward,8.8,9.1,2.06,2005
1004,Hitman: Absolution,PS3,Square Enix,IO Interactive,9,,2.06,2012
1005,Toy Story 3: The Video Game,DS,Disney Interactive Studios,Avalanche Software,,,2.06,2010
1006,R4: Ridge Racer Type 4,PS,Namco,Namco,9.1,,2.06,1999
1007,Tom Clancy's Splinter Cell: Conviction,X360,Ubisoft,Ubisoft Montreal,8.6,,2.06,2010
1008,Need for Speed: Undercover,PS3,Electronic Arts,EA Vancouver,5.9,,2.06,2008
1009,Need for Speed: ProStreet,X360,Electronic Arts,EA Black Box,7.1,,2.05,2007
1010,The Elder Scrolls Online: Tamriel Unlimited,PS4,Bethesda Softworks,ZeniMax Online Studios,7.4,7.7,2.05,2015
1011,Mortal Kombat vs DC Universe,PS3,Midway Games,Midway Amusement Games,7.6,,2.05,2008
1012,NBA Jam,GEN,Arena Entertainment,Iguana Entertainment,,,2.05,1993
1013,Famista '89 - Kaimaku Han!!,NES,Namco,Namco,,,2.05,1989
1014,Dark Souls,PS3,Namco Bandai,From Software,9,,2.05,2011
1015,Middle-Earth: Shadow of War,PS4,Warner Bros. Interactive Entertainment,Monolith Productions,,,2.04,2017
1016,SOCOM: U.S. Navy SEALs: Combined Assault,PS2,Sony Computer Entertainment,Zipper Interactive,,,2.04,2006
1017,Need for Speed: ProStreet,PS3,Electronic Arts,EA Black Box,7.2,,2.04,2007
1018,Madden NFL 25,PS3,Electronic Arts,EA Tiburon,7.5,,2.04,2013
1019,Carnival Games,DS,2K Play,Cat Daddy Games,6.5,,2.04,2008
1020,Peter Jackson's King Kong: The Official Game of the Movie,PS2,Ubisoft,Ubisoft Montpellier,,,2.04,2005
1021,Dead or Alive 3,XB,Tecmo,Team Ninja,8.3,,2.04,2001
1022,PGR4 - Project Gotham Racing 4,X360,Microsoft Game Studios,Bizarre Creations,8.6,,2.04,2007
1023,Dance Central 2,X360,Microsoft,Harmonix Music Systems,8.6,,2.04,2011
1024,Dragon Quest XI: Echoes of an Elusive Age,PS4,Square Enix,Square Enix,9.5,8.7,2.04,2018
1025,NBA 2K17,XOne,2K Sports,Visual Concepts,8.8,6,2.04,2016
1026,Skate 3,PS3,EA Sports,EA Black Box,8,,2.03,2010
1027,1080?
